ID;ParentID;Tipo;Secuencia;Descripción;Cliente;Vehículo;RefInterno;versión;Imagen;Consumo;Unidad;Sourcing;Código
567;;Pieza Final;1;INSERTO DI NEGRO SANSUY;VWA;;;;;;;;00242651-03-S44
568;567.0;Insumo;1; SANLEATHER III IS LE ML7 DE 1,00MM DE ES;VWA;;;;;0.1725; MTL  ;; 124.603.0163-5 
569;567.0;Insumo;2; SUSTRATO PLASTICO INSERTO IZQUIERDO TAOS;VWA;;;;;1.0; UN   ;; 2GJ-868-109-B  
570;567.0;Insumo;3; ADHESIVO FA X 18 L.                     ;VWA;;;;;0.002574; BI   ;; AD - ADFA15    
571;567.0;Insumo;4; RETICULANTE GV X 0.6 KG                 ;VWA;;;;;0.002574; BO   ;; AD - REGV0.6   
572;567.0;Insumo;5; ETIQUETA TERMICA 100X60 IMPRESORA SATO  ;VWA;;;;;0.00014; ROLL ;; ET-SATO-100X60 
573;567.0;Insumo;6; ETIQUETA AUTOADHESIVA                   ;VWA;;;;;1.0; UN   ;; ET-SATO-50X20  
574;567.0;Insumo;7; HILO  KRISTALGRAU 30/3                  ;VWA;;;;;0.00034; KG   ;; FX284-11230E   
575;567.0;Insumo;8; HILO KRISTALGRAU 15/3                   ;VWA;;;;;0.00022; KG   ;; FX663TK-11230E 
576;567.0;Insumo;9; PRIMER PPBL 4 - PARTE A X 5 LTS         ;VWA;;;;;0.0032406; BI   ;; PPBL - 3A      
577;567.0;Insumo;10; PRIMER PPBL 4 - PARTE B X 180L          ;VWA;;;;;0.0032406; BI   ;; PPBL - 3B      
578;;Pieza Final;1;INSERTO DI GRIS SANSUY;VWA;;;;;;;;00242651-03-V5J
579;578.0;Insumo;1; SANLEATHER III IS LE CL68 DE 1,00MM DE E;VWA;;;;;0.1725; MTL  ;; 124.603.0162-3 
580;578.0;Insumo;2; SUSTRATO PLASTICO INSERTO IZQUIERDO TAOS;VWA;;;;;1.0; UN   ;; 2GJ-868-109-B  
581;578.0;Insumo;3; ADHESIVO FA X 18 L.                     ;VWA;;;;;0.002574; BI   ;; AD - ADFA15    
582;578.0;Insumo;4; RETICULANTE GV X 0.6 KG                 ;VWA;;;;;0.002574; BO   ;; AD - REGV0.6   
583;578.0;Insumo;5; ETIQUETA TERMICA 100X60 IMPRESORA SATO  ;VWA;;;;;0.00014; ROLL ;; ET-SATO-100X60 
584;578.0;Insumo;6; ETIQUETA AUTOADHESIVA                   ;VWA;;;;;1.0; UN   ;; ET-SATO-50X20  
585;578.0;Insumo;7; CERAMIQUE GRIS 30/3                     ;VWA;;;;;0.000318; KG   ;; FX284-11317E   
586;578.0;Insumo;8; HILO CERAMIQUE 15/3                     ;VWA;;;;;0.00022; KG   ;; FX663TK-11317E 
587;578.0;Insumo;9; PRIMER PPBL 4 - PARTE A X 5 LTS         ;VWA;;;;;0.0032406; BI   ;; PPBL - 3A      
588;578.0;Insumo;10; PRIMER PPBL 4 - PARTE B X 180L          ;VWA;;;;;0.0032406; BI   ;; PPBL - 3B      
589;;Pieza Final;1;INSERTO DD NEGRO BENECKE;VWA;;;;;;;;00242652-02-S44
590;589.0;Insumo;1; INSERTO PLASTICO DERECHO TAOS           ;VWA;;;;;1.0; UN   ;; 2GJ-868-110-B  
591;589.0;Insumo;2; VINILO BONDEADO TITAN NEGRO ESP 3MM     ;VWA;;;;;0.147; MTL  ;; 3MMML7N        
592;589.0;Insumo;3; ADHESIVO FA X 18 L.                     ;VWA;;;;;0.002574; BI   ;; AD - ADFA15    
593;589.0;Insumo;4; RETICULANTE GV X 0.6 KG                 ;VWA;;;;;0.002574; BO   ;; AD - REGV0.6   
594;589.0;Insumo;5; ETIQUETA TERMICA 100X60 IMPRESORA SATO  ;VWA;;;;;0.00014; ROLL ;; ET-SATO-100X60 
595;589.0;Insumo;6; ETIQUETA AUTOADHESIVA                   ;VWA;;;;;1.0; UN   ;; ET-SATO-50X20  
596;589.0;Insumo;7; HILO  KRISTALGRAU 30/3                  ;VWA;;;;;0.00034; KG   ;; FX284-11230E   
597;589.0;Insumo;8; HILO KRISTALGRAU 15/3                   ;VWA;;;;;0.00022; KG   ;; FX663TK-11230E 
598;589.0;Insumo;9; PRIMER PPBL 4 - PARTE A X 5 LTS         ;VWA;;;;;0.0032406; BI   ;; PPBL - 3A      
599;589.0;Insumo;10; PRIMER PPBL 4 - PARTE B X 180L          ;VWA;;;;;0.0032406; BI   ;; PPBL - 3B      
600;;Pieza Final;1;INSERTO DD NEGRO SANSUY;VWA;;;;;;;;00242652-03-S44
601;600.0;Insumo;1; SANLEATHER III IS LE ML7 DE 1,00MM DE ES;VWA;;;;;0.1725; MTL  ;; 124.603.0163-5 
602;600.0;Insumo;2; INSERTO PLASTICO DERECHO TAOS           ;VWA;;;;;1.0; UN   ;; 2GJ-868-110-B  
603;600.0;Insumo;3; ADHESIVO FA X 18 L.                     ;VWA;;;;;0.002574; BI   ;; AD - ADFA15    
604;600.0;Insumo;4; RETICULANTE GV X 0.6 KG                 ;VWA;;;;;0.002574; BO   ;; AD - REGV0.6   
605;600.0;Insumo;5; ETIQUETA TERMICA 100X60 IMPRESORA SATO  ;VWA;;;;;0.00014; ROLL ;; ET-SATO-100X60 
606;600.0;Insumo;6; ETIQUETA AUTOADHESIVA                   ;VWA;;;;;1.0; UN   ;; ET-SATO-50X20  
607;600.0;Insumo;7; HILO  KRISTALGRAU 30/3                  ;VWA;;;;;0.00034; KG   ;; FX284-11230E   
608;600.0;Insumo;8; HILO KRISTALGRAU 15/3                   ;VWA;;;;;0.00022; KG   ;; FX663TK-11230E 
609;600.0;Insumo;9; PRIMER PPBL 4 - PARTE A X 5 LTS         ;VWA;;;;;0.0032406; BI   ;; PPBL - 3A      
610;600.0;Insumo;10; PRIMER PPBL 4 - PARTE B X 180L          ;VWA;;;;;0.0032406; BI   ;; PPBL - 3B      
611;;Pieza Final;1;INSERTO DD GRIS SANSUY;VWA;;;;;;;;00242652-03-V5J
612;611.0;Insumo;1; SANLEATHER III IS LE CL68 DE 1,00MM DE E;VWA;;;;;0.1725; MTL  ;; 124.603.0162-3 
613;611.0;Insumo;2; INSERTO PLASTICO DERECHO TAOS           ;VWA;;;;;1.0; UN   ;; 2GJ-868-110-B  
614;611.0;Insumo;3; ADHESIVO FA X 18 L.                     ;VWA;;;;;0.002574; BI   ;; AD - ADFA15    
615;611.0;Insumo;4; RETICULANTE GV X 0.6 KG                 ;VWA;;;;;0.002574; BO   ;; AD - REGV0.6   
616;611.0;Insumo;5; ETIQUETA TERMICA 100X60 IMPRESORA SATO  ;VWA;;;;;0.00014; ROLL ;; ET-SATO-100X60 
617;611.0;Insumo;6; ETIQUETA AUTOADHESIVA                   ;VWA;;;;;1.0; UN   ;; ET-SATO-50X20  
618;611.0;Insumo;7; CERAMIQUE GRIS 30/3                     ;VWA;;;;;0.000318; KG   ;; FX284-11317E   
619;611.0;Insumo;8; HILO CERAMIQUE 15/3                     ;VWA;;;;;0.00022; KG   ;; FX663TK-11317E 
620;611.0;Insumo;9; PRIMER PPBL 4 - PARTE A X 5 LTS         ;VWA;;;;;0.0032406; BI   ;; PPBL - 3A      
621;611.0;Insumo;10; PRIMER PPBL 4 - PARTE B X 180L          ;VWA;;;;;0.0032406; BI   ;; PPBL - 3B      
896;;Pieza Final;1;INSERT IZQ NEGRO SANSUY;VWA;;;;;;;;0242651-03-S443
897;896.0;Insumo;1; SANLEATHER III IS LE ML7 DE 1,00MM DE ES;VWA;;;;;0.1725; MTL  ;; 124.603.0163-5 
898;896.0;Insumo;2; SUSTRATO PLASTICO INSERTO IZQUIERDO TAOS;VWA;;;;;1.0; UN   ;; 2GJ-868-109-B  
899;896.0;Insumo;3; ADHESIVO FA X 18 L.                     ;VWA;;;;;0.002574; BI   ;; AD - ADFA15    
900;896.0;Insumo;4; RETICULANTE GV X 0.6 KG                 ;VWA;;;;;0.002574; BO   ;; AD - REGV0.6   
901;896.0;Insumo;5; ETIQUETA TERMICA 100X60 IMPRESORA SATO  ;VWA;;;;;0.00014; ROLL ;; ET-SATO-100X60 
902;896.0;Insumo;6; ETIQUETA AUTOADHESIVA                   ;VWA;;;;;1.0; UN   ;; ET-SATO-50X20  
903;896.0;Insumo;7; HILO KRISTALLGRAU LINHANYL TEX158-20/3  ;VWA;;;;;0.00022; KG   ;; FX483TK-11230E 
904;896.0;Insumo;8; PRIMER PPBL 4 - PARTE A X 5 LTS         ;VWA;;;;;0.0032406; BI   ;; PPBL - 3A      
905;896.0;Insumo;9; PRIMER PPBL 4 - PARTE B X 180L          ;VWA;;;;;0.0032406; BI   ;; PPBL - 3B      
916;;Pieza Final;1;INSERT DER NEGRO BENECKE;VWA;;;;;;;;0242652-02-S443
917;916.0;Insumo;1; INSERTO PLASTICO DERECHO TAOS           ;VWA;;;;;1.0; UN   ;; 2GJ-868-110-B  
918;916.0;Insumo;2; VINILO BONDEADO TITAN NEGRO ESP 3MM     ;VWA;;;;;0.147; MTL  ;; 3MMML7N        
919;916.0;Insumo;3; ADHESIVO FA X 18 L.                     ;VWA;;;;;0.002574; BI   ;; AD - ADFA15    
920;916.0;Insumo;4; RETICULANTE GV X 0.6 KG                 ;VWA;;;;;0.002574; BO   ;; AD - REGV0.6   
921;916.0;Insumo;5; ETIQUETA TERMICA 100X60 IMPRESORA SATO  ;VWA;;;;;0.00014; ROLL ;; ET-SATO-100X60 
922;916.0;Insumo;6; ETIQUETA AUTOADHESIVA                   ;VWA;;;;;1.0; UN   ;; ET-SATO-50X20  
923;916.0;Insumo;7; HILO KRISTALLGRAU LINHANYL TEX158-20/3  ;VWA;;;;;0.00022; KG   ;; FX483TK-11230E 
924;916.0;Insumo;8; PRIMER PPBL 4 - PARTE A X 5 LTS         ;VWA;;;;;0.0032406; BI   ;; PPBL - 3A      
925;916.0;Insumo;9; PRIMER PPBL 4 - PARTE B X 180L          ;VWA;;;;;0.0032406; BI   ;; PPBL - 3B      
926;;Pieza Final;1;INSERT DER NEGRO SANSUY;VWA;;;;;;;;0242652-03-S443
927;926.0;Insumo;1; SANLEATHER III IS LE ML7 DE 1,00MM DE ES;VWA;;;;;0.1725; MTL  ;; 124.603.0163-5 
928;926.0;Insumo;2; INSERTO PLASTICO DERECHO TAOS           ;VWA;;;;;1.0; UN   ;; 2GJ-868-110-B  
929;926.0;Insumo;3; ADHESIVO FA X 18 L.                     ;VWA;;;;;0.002574; BI   ;; AD - ADFA15    
930;926.0;Insumo;4; RETICULANTE GV X 0.6 KG                 ;VWA;;;;;0.002574; BO   ;; AD - REGV0.6   
931;926.0;Insumo;5; ETIQUETA TERMICA 100X60 IMPRESORA SATO  ;VWA;;;;;0.00014; ROLL ;; ET-SATO-100X60 
932;926.0;Insumo;6; ETIQUETA AUTOADHESIVA                   ;VWA;;;;;1.0; UN   ;; ET-SATO-50X20  
933;926.0;Insumo;7; HILO KRISTALLGRAU LINHANYL TEX158-20/3  ;VWA;;;;;0.00022; KG   ;; FX483TK-11230E 
934;926.0;Insumo;8; PRIMER PPBL 4 - PARTE A X 5 LTS         ;VWA;;;;;0.0032406; BI   ;; PPBL - 3A      
935;926.0;Insumo;9; PRIMER PPBL 4 - PARTE B X 180L          ;VWA;;;;;0.0032406; BI   ;; PPBL - 3B      
936;;Pieza Final;1;INSERT DER GRIS SANSUY;VWA;;;;;;;;0242652-03-V5JG
937;936.0;Insumo;1; SANLEATHER III IS LE CL68 DE 1,00MM DE E;VWA;;;;;0.1725; MTL  ;; 124.603.0162-3 
938;936.0;Insumo;2; INSERTO PLASTICO DERECHO TAOS           ;VWA;;;;;1.0; UN   ;; 2GJ-868-110-B  
939;936.0;Insumo;3; ADHESIVO FA X 18 L.                     ;VWA;;;;;0.002574; BI   ;; AD - ADFA15    
940;936.0;Insumo;4; RETICULANTE GV X 0.6 KG                 ;VWA;;;;;0.002574; BO   ;; AD - REGV0.6   
941;936.0;Insumo;5; ETIQUETA TERMICA 100X60 IMPRESORA SATO  ;VWA;;;;;0.00014; ROLL ;; ET-SATO-100X60 
942;936.0;Insumo;6; ETIQUETA AUTOADHESIVA                   ;VWA;;;;;1.0; UN   ;; ET-SATO-50X20  
943;936.0;Insumo;7; HILO CERAMIQUE 15/3                     ;VWA;;;;;0.00022; KG   ;; FX663TK-11317E 
944;936.0;Insumo;8; PRIMER PPBL 4 - PARTE A X 5 LTS         ;VWA;;;;;0.0032406; BI   ;; PPBL - 3A      
945;936.0;Insumo;9; PRIMER PPBL 4 - PARTE B X 180L          ;VWA;;;;;0.0032406; BI   ;; PPBL - 3B      
1476;;Pieza Final;1;JOTA DE PO                            ;VWA;;;;;;;;20132118
1477;1476.0;Insumo;1; PT 1500 300MM X 66M                     ;VWA;;;;;0.00063; ROLL ;; 3M-TE001500053 
1478;1476.0;Insumo;2; BOLSA CRIST BAJA DENSIDAD S/FUELLE 20X35;VWA;;;;;0.01; UN   ;; BA 20 35       
1479;1476.0;Insumo;3; ETIQUETA TERMICA 100X60 IMPRESORA SATO  ;VWA;;;;;0.01; ROLL ;; ET-SATO-100X60 
2004;;Pieza Final;1;APB DELANTERO TAOS LH;VWA;;;;;;;;2GJ-867-165-A  
2005;2004.0;Insumo;1; SANVEO PE PR CL68 5,00MM DE ESPESOR Y 1,;VWA;;;;;0.037; MTL  ;; 124.549.0069-3 
2006;2004.0;Insumo;2; SUSTRATO PLASTICO LH                    ;VWA;;;;;1.0; UN   ;; 2GJ-867-165-A  
2007;2004.0;Insumo;3; RETICULANTE GV X 0.6 KG                 ;VWA;;;;;1.4e-05; BO   ;; AD - REGV0.6   
2008;2004.0;Insumo;4; ADHESIVO NC X 18 LTS FENOCLOR           ;VWA;;;;;1.4e-05; BI   ;; AD-ADNC18      
2009;;Pieza Final;1;APB DELANTERO TAOS RH;VWA;;;;;;;;2GJ-867-166-A  
2010;2009.0;Insumo;1; SANVEO PE PR CL68 5,00MM DE ESPESOR Y 1,;VWA;;;;;0.037; MTL  ;; 124.549.0069-3 
2011;2009.0;Insumo;2; SUSTRATO PLASTICO RH                    ;VWA;;;;;1.0; UN   ;; 2GJ-867-166-A  
2012;2009.0;Insumo;3; RETICULANTE GV X 0.6 KG                 ;VWA;;;;;1.4e-05; BO   ;; AD - REGV0.6   
2013;2009.0;Insumo;4; ADHESIVO NC X 18 LTS FENOCLOR           ;VWA;;;;;1.4e-05; BI   ;; AD-ADNC18      
2014;;Pieza Final;1;APB TRASERO TAOS LH;VWA;;;;;;;;2GJ-867-363-A  
2015;2014.0;Insumo;1; SUSTRATO PLASTICO LH                    ;VWA;;;;;1.0; UN   ;; 2GJ-867-363-A  
2016;2014.0;Insumo;2; RETICULANTE GV X 0.6 KG                 ;VWA;;;;;1.2e-05; BO   ;; AD - REGV0.6   
2017;2014.0;Insumo;3; ADHESIVO NC X 18 LTS FENOCLOR           ;VWA;;;;;1.2e-05; BI   ;; AD-ADNC18      
2018;2014.0;Insumo;4; CORTE APB TRASERO TAOS                  ;VWA;;;;;1.0; UN   ;; COR-2GJ-363    
2019;;Pieza Final;1;APB TRASERO TAOS RH;VWA;;;;;;;;2GJ-867-364-A  
2020;2019.0;Insumo;1; SUSTRATO PLASTICO RH                    ;VWA;;;;;1.0; UN   ;; 2GJ-867-364-A  
2021;2019.0;Insumo;2; RETICULANTE GV X 0.6 KG                 ;VWA;;;;;1.2e-05; BO   ;; AD - REGV0.6   
2022;2019.0;Insumo;3; ADHESIVO NC X 18 LTS FENOCLOR           ;VWA;;;;;1.2e-05; BI   ;; AD-ADNC18      
2023;2019.0;Insumo;4; CORTE APB TRASERO TAOS DERECHO          ;VWA;;;;;1.0; UN   ;; COR-2GJ-364    
2065;;Pieza Final;1;IP TAOS CORTO (CL68 GRIS) COMFORT;VWA;;;;;;;;2GJ858417A ZCW 
2066;2065.0;Insumo;1; SANLEATHER VI IS LE CL68 DE 0,90MM DE ES;VWA;;;;;0.03145; MTL  ;; 124.544.0081-7 
2067;2065.0;Insumo;2; SUSTRATO PLASTICO IP TAOS               ;VWA;;;;;1.0; UN   ;; 2GJ-858-417A   
2068;2065.0;Insumo;3; ADHESIVO FA X 18 L.                     ;VWA;;;;;0.00102; BI   ;; AD - ADFA15    
2069;2065.0;Insumo;4; RETICULANTE GV X 0.6 KG                 ;VWA;;;;;0.00102; BO   ;; AD - REGV0.6   
2070;2065.0;Insumo;5; ETIQUETA TERMICA 100X60 IMPRESORA SATO  ;VWA;;;;;5e-05; ROLL ;; ET-SATO-100X60 
2071;2065.0;Insumo;6; ETIQUETA AUTOADHESIVA                   ;VWA;;;;;1.0; UN   ;; ET-SATO-50X20  
2072;2065.0;Insumo;7; CERAMIQUE GRIS 30/3                     ;VWA;;;;;0.000132; KG   ;; FX284-11317E   
2073;2065.0;Insumo;8; HILO CERAMIQUE 15/3                     ;VWA;;;;;0.00012; KG   ;; FX663TK-11317E 
2074;2065.0;Insumo;9; PRIMER PPBL 4 - PARTE A X 5 LTS         ;VWA;;;;;0.00097; BI   ;; PPBL - 3A      
2075;2065.0;Insumo;10; PRIMER PPBL 4 - PARTE B X 180L          ;VWA;;;;;0.00097; BI   ;; PPBL - 3B      
2076;;Pieza Final;1;IP TAOS CORTO (ML7 NEGRO) HIGHLINE;VWA;;;;;;;;2GJ858417A ZKZ 
2077;2076.0;Insumo;1; SANLEATHER VI IS LE ML7 DE 0,90MM DE ESP;VWA;;;;;0.03145; MTL  ;; 124.544.0082-9 
2078;2076.0;Insumo;2; SUSTRATO PLASTICO IP TAOS               ;VWA;;;;;1.0; UN   ;; 2GJ-858-417A   
2079;2076.0;Insumo;3; ADHESIVO FA X 18 L.                     ;VWA;;;;;0.00102; BI   ;; AD - ADFA15    
2080;2076.0;Insumo;4; RETICULANTE GV X 0.6 KG                 ;VWA;;;;;0.00102; BO   ;; AD - REGV0.6   
2081;2076.0;Insumo;5; ETIQUETA TERMICA 100X60 IMPRESORA SATO  ;VWA;;;;;5e-05; ROLL ;; ET-SATO-100X60 
2082;2076.0;Insumo;6; ETIQUETA AUTOADHESIVA                   ;VWA;;;;;1.0; UN   ;; ET-SATO-50X20  
2083;2076.0;Insumo;7; HILO  KRISTALGRAU 30/3                  ;VWA;;;;;0.00012; KG   ;; FX284-11230E   
2084;2076.0;Insumo;8; HILO KRISTALLGRAU LINHANYL TEX158-20/3  ;VWA;;;;;0.000132; KG   ;; FX483TK-11230E 
2085;2076.0;Insumo;9; PRIMER PPBL 4 - PARTE A X 5 LTS         ;VWA;;;;;0.00097; BI   ;; PPBL - 3A      
2086;2076.0;Insumo;10; PRIMER PPBL 4 - PARTE B X 180L          ;VWA;;;;;0.00097; BI   ;; PPBL - 3B      
2087;;Pieza Final;1;IP TAOS;VWA;;;;;;;;2GJ858417A ZLM 
2088;2087.0;Insumo;1; SUSTRATO PLASTICO IP TAOS               ;VWA;;;;;1.0; UN   ;; 2GJ-858-417A   
2089;2087.0;Insumo;2; RETICULANTE GV X 0.6 KG                 ;VWA;;;;;1.4e-05; BO   ;; AD - REGV0.6   
2090;2087.0;Insumo;3; ADHESIVO NC X 18 LTS FENOCLOR           ;VWA;;;;;1.4e-05; BI   ;; AD-ADNC18      
2091;2087.0;Insumo;4; ETIQUETA AUTOADHESIVA                   ;VWA;;;;;1.0; UN   ;; ET-SATO-50X20  
2092;2087.0;Insumo;5; FUNDA 2GJ.858.417 A ZLM                 ;VWA;;;;;1.0; UNI  ;; FUN-2GJ-417A-ZL
2093;;Pieza Final;1;IP TAOS PA COMFORT;VWA;;;;;;;;2GJ858417D AMA 
2094;2093.0;Insumo;1; SUSTRATO PLASTICO IP TAOS PA            ;VWA;;;;;1.0; UN   ;; 2GJ-858-417-D  
2095;2093.0;Insumo;2; RETICULANTE GV X 0.6 KG                 ;VWA;;;;;1.4e-05; BO   ;; AD - REGV0.6   
2096;2093.0;Insumo;3; ADHESIVO NC X 18 LTS FENOCLOR           ;VWA;;;;;1.4e-05; BI   ;; AD-ADNC18      
2097;2093.0;Insumo;4; FUNDA 2GJ858417D AMA IP TAOS PA COMFORT ;VWA;;;;;1.0; UN   ;; FUN-2GJ-417D-AA
2098;;Pieza Final;1;IP TAOS PA HIGHLINE;VWA;;;;;;;;2GJ858417D AMB 
2099;2098.0;Insumo;1; SUSTRATO PLASTICO IP TAOS PA            ;VWA;;;;;1.0; UN   ;; 2GJ-858-417-D  
2100;2098.0;Insumo;2; RETICULANTE GV X 0.6 KG                 ;VWA;;;;;1.4e-05; BO   ;; AD - REGV0.6   
2101;2098.0;Insumo;3; ADHESIVO NC X 18 LTS FENOCLOR           ;VWA;;;;;1.4e-05; BI   ;; AD-ADNC18      
2102;2098.0;Insumo;4; FUNDA 2GJ858417D AMB IP TAOS PA HIGHLINE;VWA;;;;;1.0; UN   ;; FUN-2GJ-417D-AB
2109;;Pieza Final;1;IP TAOS PA EXCLUSIVE;VWA;;;;;;;;2GJ858417D CNG 
2110;2109.0;Insumo;1; SUSTRATO PLASTICO IP TAOS PA            ;VWA;;;;;1.0; UN   ;; 2GJ-858-417-D  
2111;2109.0;Insumo;2; RETICULANTE GV X 0.6 KG                 ;VWA;;;;;1.4e-05; BO   ;; AD - REGV0.6   
2112;2109.0;Insumo;3; ADHESIVO NC X 18 LTS FENOCLOR           ;VWA;;;;;1.4e-05; BI   ;; AD-ADNC18      
2113;2109.0;Insumo;4; FUNDA 2GJ858417D CNG IP TAOS PA EXCLUSIV;VWA;;;;;1.0; UN   ;; FUN-2GJ-417D-CN
2114;;Pieza Final;1;IP TAOS LARGO (CL68 GRIS) COMFORT;VWA;;;;;;;;2GJ858418A ZCW 
2115;2114.0;Insumo;1; SANLEATHER VI IS LE CL68 DE 0,90MM DE ES;VWA;;;;;0.06417; MTL  ;; 124.544.0081-7 
2116;2114.0;Insumo;2; SUSTRATO PLASTICO                       ;VWA;;;;;1.0; UN   ;; 2GJ-858-418A   
2117;2114.0;Insumo;3; ADHESIVO FA X 18 L.                     ;VWA;;;;;0.001265; BI   ;; AD - ADFA15    
2118;2114.0;Insumo;4; RETICULANTE GV X 0.6 KG                 ;VWA;;;;;0.001265; BO   ;; AD - REGV0.6   
2119;2114.0;Insumo;5; ETIQUETA TERMICA 100X60 IMPRESORA SATO  ;VWA;;;;;5e-05; ROLL ;; ET-SATO-100X60 
2120;2114.0;Insumo;6; ETIQUETA AUTOADHESIVA                   ;VWA;;;;;1.0; UN   ;; ET-SATO-50X20  
2121;2114.0;Insumo;7; CERAMIQUE GRIS 30/3                     ;VWA;;;;;0.0004687; KG   ;; FX284-11317E   
2122;2114.0;Insumo;8; HILO CERAMIQUE 15/3                     ;VWA;;;;;0.0003072; KG   ;; FX663TK-11317E 
2123;;Pieza Final;1;IP TAOS LARGO (ML7 NEGRO) HIGHLINE;VWA;;;;;;;;2GJ858418A ZKZ 
2124;2123.0;Insumo;1; SANLEATHER VI IS LE ML7 DE 0,90MM DE ESP;VWA;;;;;0.06417; MTL  ;; 124.544.0082-9 
2125;2123.0;Insumo;2; SUSTRATO PLASTICO                       ;VWA;;;;;1.0; UN   ;; 2GJ-858-418A   
2126;2123.0;Insumo;3; ADHESIVO FA X 18 L.                     ;VWA;;;;;0.001265; BI   ;; AD - ADFA15    
2127;2123.0;Insumo;4; RETICULANTE GV X 0.6 KG                 ;VWA;;;;;0.001265; BO   ;; AD - REGV0.6   
2128;2123.0;Insumo;5; ETIQUETA TERMICA 100X60 IMPRESORA SATO  ;VWA;;;;;5e-05; ROLL ;; ET-SATO-100X60 
2129;2123.0;Insumo;6; ETIQUETA AUTOADHESIVA                   ;VWA;;;;;1.0; UN   ;; ET-SATO-50X20  
2130;2123.0;Insumo;7; HILO  KRISTALGRAU 30/3                  ;VWA;;;;;0.0004687; KG   ;; FX284-11230E   
2131;2123.0;Insumo;8; HILO KRISTALLGRAU LINHANYL TEX158-20/3  ;VWA;;;;;0.0003072; KG   ;; FX483TK-11230E 
2132;;Pieza Final;1;IP TAOS HERO;VWA;;;;;;;;2GJ858418A ZLM 
2133;2132.0;Insumo;1; SANLEATHER VI IS LE ML7 DE 0,90MM DE ESP;VWA;;;;;0.162; MTL  ;; 124.544.0080-5 
2134;2132.0;Insumo;2; SUSTRATO PLASTICO                       ;VWA;;;;;1.0; UN   ;; 2GJ-858-418A   
2135;2132.0;Insumo;3; ADHESIVO FA X 18 L.                     ;VWA;;;;;4.6e-05; BI   ;; AD - ADFA15    
2136;2132.0;Insumo;4; RETICULANTE GV X 0.6 KG                 ;VWA;;;;;4.6e-05; BO   ;; AD - REGV0.6   
2137;2132.0;Insumo;5; ETIQUETA AUTOADHESIVA                   ;VWA;;;;;1.0; UN   ;; ET-SATO-50X20  
2138;2132.0;Insumo;6; HILO  KRISTALGRAU 30/3                  ;VWA;;;;;0.0004687; KG   ;; FX284-11230E   
2139;2132.0;Insumo;7; HILO KRISTALGRAU 15/3                   ;VWA;;;;;0.0003072; KG   ;; FX663TK-11230E 
2140;;Pieza Final;1;IP TAOS PA COMFORT;VWA;;;;;;;;2GJ858418D AMA 
2141;2140.0;Insumo;1; SUSTRATO PLASTICO IP TAOS PA            ;VWA;;;;;1.0; UN   ;; 2GJ-858-417-D  
2142;2140.0;Insumo;2; RETICULANTE GV X 0.6 KG                 ;VWA;;;;;4.6e-05; BO   ;; AD - REGV0.6   
2143;2140.0;Insumo;3; ADHESIVO NC X 18 LTS FENOCLOR           ;VWA;;;;;4.6e-05; BI   ;; AD-ADNC18      
2144;2140.0;Insumo;4; FUNDA 2GJ858418D AMA IP TAOS PA COMFORT ;VWA;;;;;1.0; UN   ;; FUN-2GJ-418D-AA
2145;;Pieza Final;1;IP TAOS PA HIGHLINE;VWA;;;;;;;;2GJ858418D AMB 
2146;2145.0;Insumo;1; SUSTRATO PLASTICO IP TAOS PA            ;VWA;;;;;1.0; UN   ;; 2GJ-858-417-D  
2147;2145.0;Insumo;2; RETICULANTE GV X 0.6 KG                 ;VWA;;;;;4.6e-05; BO   ;; AD - REGV0.6   
2148;2145.0;Insumo;3; ADHESIVO NC X 18 LTS FENOCLOR           ;VWA;;;;;4.6e-05; BI   ;; AD-ADNC18      
2149;2145.0;Insumo;4; FUNDA 2GJ858418D AMB IP TAOS PA HIGHLINE;VWA;;;;;1.0; UN   ;; FUN-2GJ-418D-AB
2150;;Pieza Final;1;IP TAOS PA EXCLUSIVE;VWA;;;;;;;;2GJ858418D CNG 
2151;2150.0;Insumo;1; SUSTRATO PLASTICO IP TAOS PA            ;VWA;;;;;1.0; UN   ;; 2GJ-858-417-D  
2152;2150.0;Insumo;2; RETICULANTE GV X 0.6 KG                 ;VWA;;;;;4.6e-05; BO   ;; AD - REGV0.6   
2153;2150.0;Insumo;3; ADHESIVO NC X 18 LTS FENOCLOR           ;VWA;;;;;4.6e-05; BI   ;; AD-ADNC18      
2154;2150.0;Insumo;4; FUNDA 2GJ858418D CNG IP TAOS PA EXCLUSIV;VWA;;;;;1.0; UN   ;; FUN-2GJ-418D-CN
2155;;Pieza Final;1;APB DELANTERO IZQUIERDO TAOS;VWA;;;;;;;;2GJ867165A SL1 
2156;2155.0;Insumo;1; SANVEO PE PR CL68 5,00MM DE ESPESOR Y 1,;VWA;;;;;0.0356; MTL  ;; 124.549.0069-3 
2157;2155.0;Insumo;2; SUSTRATO PLASTICO LH                    ;VWA;;;;;1.0; UN   ;; 2GJ-867-165-A  
2158;2155.0;Insumo;3; 5 PI CAI 12 KG Caja de 12 Kg            ;VWA;;;;;0.011; KG   ;; CQ-7080        
2159;2155.0;Insumo;4; ETIQUETA AUTOADHESIVA                   ;VWA;;;;;1.0; UN   ;; ET-SATO-50X20  
2160;;Pieza Final;1;APB DELANTERO DERECHO TAOS;VWA;;;;;;;;2GJ867166A SL1 
2161;2160.0;Insumo;1; SANVEO PE PR CL68 5,00MM DE ESPESOR Y 1,;VWA;;;;;0.0356; MTL  ;; 124.549.0069-3 
2162;2160.0;Insumo;2; SUSTRATO PLASTICO RH                    ;VWA;;;;;1.0; UN   ;; 2GJ-867-166-A  
2163;2160.0;Insumo;3; 5 PI CAI 12 KG Caja de 12 Kg            ;VWA;;;;;0.0011; KG   ;; CQ-7080        
2164;2160.0;Insumo;4; ETIQUETA AUTOADHESIVA                   ;VWA;;;;;1.0; UN   ;; ET-SATO-50X20  
2165;;Pieza Final;1;APB TRASERO IZQUIERDO TAOS;VWA;;;;;;;;2GJ867363A SL1 
2166;2165.0;Insumo;1; SANVEO PE PR CL68 5,00MM DE ESPESOR Y 1,;VWA;;;;;0.039; MTL  ;; 124.549.0069-3 
2167;2165.0;Insumo;2; SUSTRATO PLASTICO LH                    ;VWA;;;;;1.0; UN   ;; 2GJ-867-363-A  
2168;2165.0;Insumo;3; 5 PI CAI 12 KG Caja de 12 Kg            ;VWA;;;;;0.0024; KG   ;; CQ-7080        
2169;2165.0;Insumo;4; ETIQUETA AUTOADHESIVA                   ;VWA;;;;;1.0; UN   ;; ET-SATO-50X20  
2170;;Pieza Final;1;APB TRASERO DERECHO TAOS;VWA;;;;;;;;2GJ867364A SL1 
2171;2170.0;Insumo;1; SANVEO PE PR CL68 5,00MM DE ESPESOR Y 1,;VWA;;;;;0.039; MTL  ;; 124.549.0069-3 
2172;2170.0;Insumo;2; SUSTRATO PLASTICO RH                    ;VWA;;;;;1.0; UN   ;; 2GJ-867-364-A  
2173;2170.0;Insumo;3; 5 PI CAI 12 KG Caja de 12 Kg            ;VWA;;;;;0.0024; KG   ;; CQ-7080        
2174;2170.0;Insumo;4; ETIQUETA AUTOADHESIVA                   ;VWA;;;;;1.0; UN   ;; ET-SATO-50X20  
2175;;Pieza Final;1;TOP ROLL TAOS IZQUIERDO;VWA;;;;;;;;2GJ868087      
2176;2175.0;Insumo;1; VINILO TOP ROLL TAOS CL81 NEGRO S085 1,4;VWA;;;;;0.1475; MTL  ;; 124.549.0071-1 
2177;2175.0;Insumo;2; SUSTRATO PLASTICO LH                    ;VWA;;;;;1.0; UN   ;; 2GJ-868-087    
2178;2175.0;Insumo;3; RETICULANTE GV X 0.6 KG                 ;VWA;;;;;9.2e-05; BO   ;; AD - REGV0.6   
2179;2175.0;Insumo;4; ADHESIVO NC X 18 LTS FENOCLOR           ;VWA;;;;;9.2e-05; BI   ;; AD-ADNC18      
2180;2175.0;Insumo;5; ETIQUETA AUTOADHESIVA                   ;VWA;;;;;1.0; UN   ;; ET-SATO-50X20  
2181;;Pieza Final;1;TOP ROLL TAOS DERECHO;VWA;;;;;;;;2GJ868088      
2182;2181.0;Insumo;1; VINILO TOP ROLL TAOS CL81 NEGRO S085 1,4;VWA;;;;;0.1475; MTL  ;; 124.549.0071-1 
2183;2181.0;Insumo;2; SUSTRATO PLASTICO RH                    ;VWA;;;;;1.0; UN   ;; 2GJ-868-088    
2184;2181.0;Insumo;3; RETICULANTE GV X 0.6 KG                 ;VWA;;;;;9.2e-05; BO   ;; AD - REGV0.6   
2185;2181.0;Insumo;4; ADHESIVO NC X 18 LTS FENOCLOR           ;VWA;;;;;9.2e-05; BI   ;; AD-ADNC18      
2186;2181.0;Insumo;5; ETIQUETA AUTOADHESIVA                   ;VWA;;;;;1.0; UN   ;; ET-SATO-50X20  
2187;;Pieza Final;1;INSERT IZQ GRIS NO USAR;VWA;;;;;;;;2GJ868109B ZCW 
2188;2187.0;Insumo;1; SANLEATHER III IS LE CL68 DE 1,00MM DE E;VWA;;;;;0.083; MTL  ;; 124.603.0162-3 
2189;2187.0;Insumo;2; SUSTRATO PLASTICO INSERTO IZQUIERDO TAOS;VWA;;;;;1.0; UN   ;; 2GJ-868-109-B  
2190;2187.0;Insumo;3; ADHESIVO FA X 18 L.                     ;VWA;;;;;0.002574; BI   ;; AD - ADFA15    
2191;2187.0;Insumo;4; RETICULANTE GV X 0.6 KG                 ;VWA;;;;;0.002574; BO   ;; AD - REGV0.6   
2192;2187.0;Insumo;5; ETIQUETA AUTOADHESIVA                   ;VWA;;;;;1.0; UN   ;; ET-SATO-50X20  
2193;2187.0;Insumo;6; CERAMIQUE GRIS 30/3                     ;VWA;;;;;0.000318; KG   ;; FX284-11317E   
2194;2187.0;Insumo;7; HILO CERAMIQUE 15/3                     ;VWA;;;;;0.00022; KG   ;; FX663TK-11317E 
2195;2187.0;Insumo;8; PRIMER PPBL 4 - PARTE A X 5 LTS         ;VWA;;;;;0.0032406; BI   ;; PPBL - 3A      
2196;2187.0;Insumo;9; PRIMER PPBL 4 - PARTE B X 180L          ;VWA;;;;;0.0032406; BI   ;; PPBL - 3B      
2197;;Pieza Final;1;INSERT IZQ NEGRO NO USAR;VWA;;;;;;;;2GJ868109B ZKZ 
2198;2197.0;Insumo;1; SANLEATHER III IS LE ML7 DE 1,00MM DE ES;VWA;;;;;0.083; MTL  ;; 124.603.0163-5 
2199;2197.0;Insumo;2; SUSTRATO PLASTICO INSERTO IZQUIERDO TAOS;VWA;;;;;1.0; UN   ;; 2GJ-868-109-B  
2200;2197.0;Insumo;3; ADHESIVO FA X 18 L.                     ;VWA;;;;;0.002574; BI   ;; AD - ADFA15    
2201;2197.0;Insumo;4; RETICULANTE GV X 0.6 KG                 ;VWA;;;;;0.002574; BO   ;; AD - REGV0.6   
2202;2197.0;Insumo;5; ETIQUETA AUTOADHESIVA                   ;VWA;;;;;1.0; UN   ;; ET-SATO-50X20  
2203;2197.0;Insumo;6; HILO  KRISTALGRAU 30/3                  ;VWA;;;;;0.00034; KG   ;; FX284-11230E   
2204;2197.0;Insumo;7; HILO KRISTALGRAU 15/3                   ;VWA;;;;;0.00022; KG   ;; FX663TK-11230E 
2205;2197.0;Insumo;8; PRIMER PPBL 4 - PARTE A X 5 LTS         ;VWA;;;;;0.0032406; BI   ;; PPBL - 3A      
2206;2197.0;Insumo;9; PRIMER PPBL 4 - PARTE B X 180L          ;VWA;;;;;0.0032406; BI   ;; PPBL - 3B      
2207;;Pieza Final;1;INSERTO DELANTERO TAOS HERO;VWA;;;;;;;;2GJ868109B ZLM 
2208;2207.0;Insumo;1; SANLEATHER III IS LE ML7 DE 1,00MM DE ES;VWA;;;;;0.1854; MTL  ;; 124.603.0164-7 
2209;2207.0;Insumo;2; SUSTRATO PLASTICO INSERTO IZQUIERDO TAOS;VWA;;;;;1.0; UN   ;; 2GJ-868-109-B  
2210;2207.0;Insumo;3; ADHESIVO FA X 18 L.                     ;VWA;;;;;11.0; BI   ;; AD - ADFA15    
2211;2207.0;Insumo;4; RETICULANTE GV X 0.6 KG                 ;VWA;;;;;11.0; BO   ;; AD - REGV0.6   
2212;2207.0;Insumo;5; ETIQUETA AUTOADHESIVA                   ;VWA;;;;;1.0; UN   ;; ET-SATO-50X20  
2213;2207.0;Insumo;6; HILO  KRISTALGRAU 30/3                  ;VWA;;;;;0.00034; KG   ;; FX284-11230E   
2214;2207.0;Insumo;7; HILO KRISTALGRAU 15/3                   ;VWA;;;;;0.00022; KG   ;; FX663TK-11230E 
2215;;Pieza Final;1;INSERT IZQ GRIS NO USAR;VWA;;;;;;;;2GJ868109BZCWB 
2216;2215.0;Insumo;1; SUSTRATO PLASTICO INSERTO IZQUIERDO TAOS;VWA;;;;;1.0; UN   ;; 2GJ-868-109-B  
2217;2215.0;Insumo;2; VINILO BONDEADO KRISTALLGRAU GRIS ESP 3M;VWA;;;;;0.147; MTL  ;; 3MMCL68G       
2218;2215.0;Insumo;3; ADHESIVO FA X 18 L.                     ;VWA;;;;;0.002574; BI   ;; AD - ADFA15    
2219;2215.0;Insumo;4; RETICULANTE GV X 0.6 KG                 ;VWA;;;;;0.002574; BO   ;; AD - REGV0.6   
2220;2215.0;Insumo;5; ETIQUETA TERMICA 100X60 IMPRESORA SATO  ;VWA;;;;;0.00014; ROLL ;; ET-SATO-100X60 
2221;2215.0;Insumo;6; ETIQUETA AUTOADHESIVA                   ;VWA;;;;;1.0; UN   ;; ET-SATO-50X20  
2222;2215.0;Insumo;7; CERAMIQUE GRIS 30/3                     ;VWA;;;;;0.000318; KG   ;; FX284-11317E   
2223;2215.0;Insumo;8; HILO CERAMIQUE 15/3                     ;VWA;;;;;0.00022; KG   ;; FX663TK-11317E 
2224;2215.0;Insumo;9; PRIMER PPBL 4 - PARTE A X 5 LTS         ;VWA;;;;;0.0032406; BI   ;; PPBL - 3A      
2225;2215.0;Insumo;10; PRIMER PPBL 4 - PARTE B X 180L          ;VWA;;;;;0.0032406; BI   ;; PPBL - 3B      
2226;;Pieza Final;1;INSERT IZQ NEGRO NO USAR;VWA;;;;;;;;2GJ868109BZKZB 
2227;2226.0;Insumo;1; SUSTRATO PLASTICO INSERTO IZQUIERDO TAOS;VWA;;;;;1.0; UN   ;; 2GJ-868-109-B  
2228;2226.0;Insumo;2; VINILO BONDEADO TITAN NEGRO ESP 3MM     ;VWA;;;;;0.147; MTL  ;; 3MMML7N        
2229;2226.0;Insumo;3; ADHESIVO FA X 18 L.                     ;VWA;;;;;0.002574; BI   ;; AD - ADFA15    
2230;2226.0;Insumo;4; RETICULANTE GV X 0.6 KG                 ;VWA;;;;;0.002574; BO   ;; AD - REGV0.6   
2231;2226.0;Insumo;5; ETIQUETA TERMICA 100X60 IMPRESORA SATO  ;VWA;;;;;0.00014; ROLL ;; ET-SATO-100X60 
2232;2226.0;Insumo;6; ETIQUETA AUTOADHESIVA                   ;VWA;;;;;1.0; UN   ;; ET-SATO-50X20  
2233;2226.0;Insumo;7; HILO  KRISTALGRAU 30/3                  ;VWA;;;;;0.00034; KG   ;; FX284-11230E   
2234;2226.0;Insumo;8; HILO KRISTALGRAU 15/3                   ;VWA;;;;;0.00022; KG   ;; FX663TK-11230E 
2235;2226.0;Insumo;9; PRIMER PPBL 4 - PARTE A X 5 LTS         ;VWA;;;;;0.0032406; BI   ;; PPBL - 3A      
2236;2226.0;Insumo;10; PRIMER PPBL 4 - PARTE B X 180L          ;VWA;;;;;0.0032406; BI   ;; PPBL - 3B      
2237;;Pieza Final;1;INSERT DER GRIS NO USAR;VWA;;;;;;;;2GJ868110B ZCW 
2238;2237.0;Insumo;1; SANLEATHER III IS LE CL68 DE 1,00MM DE E;VWA;;;;;0.083; MTL  ;; 124.603.0162-3 
2239;2237.0;Insumo;2; INSERTO PLASTICO DERECHO TAOS           ;VWA;;;;;1.0; UN   ;; 2GJ-868-110-B  
2240;2237.0;Insumo;3; ADHESIVO FA X 18 L.                     ;VWA;;;;;0.002574; BI   ;; AD - ADFA15    
2241;2237.0;Insumo;4; RETICULANTE GV X 0.6 KG                 ;VWA;;;;;0.002574; BO   ;; AD - REGV0.6   
2242;2237.0;Insumo;5; ETIQUETA AUTOADHESIVA                   ;VWA;;;;;1.0; UN   ;; ET-SATO-50X20  
2243;2237.0;Insumo;6; CERAMIQUE GRIS 30/3                     ;VWA;;;;;0.000318; KG   ;; FX284-11317E   
2244;2237.0;Insumo;7; HILO CERAMIQUE 15/3                     ;VWA;;;;;0.00022; KG   ;; FX663TK-11317E 
2245;2237.0;Insumo;8; PRIMER PPBL 4 - PARTE A X 5 LTS         ;VWA;;;;;0.0032406; BI   ;; PPBL - 3A      
2246;2237.0;Insumo;9; PRIMER PPBL 4 - PARTE B X 180L          ;VWA;;;;;0.0032406; BI   ;; PPBL - 3B      
2247;;Pieza Final;1;INSERT DER NEGRO NO USAR;VWA;;;;;;;;2GJ868110B ZKZ 
2248;2247.0;Insumo;1; SANLEATHER III IS LE ML7 DE 1,00MM DE ES;VWA;;;;;0.083; MTL  ;; 124.603.0163-5 
2249;2247.0;Insumo;2; INSERTO PLASTICO DERECHO TAOS           ;VWA;;;;;1.0; UN   ;; 2GJ-868-110-B  
2250;2247.0;Insumo;3; ADHESIVO FA X 18 L.                     ;VWA;;;;;0.002574; BI   ;; AD - ADFA15    
2251;2247.0;Insumo;4; RETICULANTE GV X 0.6 KG                 ;VWA;;;;;0.002574; BO   ;; AD - REGV0.6   
2252;2247.0;Insumo;5; ETIQUETA AUTOADHESIVA                   ;VWA;;;;;1.0; UN   ;; ET-SATO-50X20  
2253;2247.0;Insumo;6; PANTONE GRAY VIOLET 30/3 14-4103        ;VWA;;;;;0.00033; KG   ;; FX284-11703E   
2254;2247.0;Insumo;7; Pantone Gray Violet 14-4103 ;VWA;;;;;;;; FX663TK-11703E 
2255;2247.0;Insumo;8; PRIMER PPBL 4 - PARTE A X 5 LTS         ;VWA;;;;;0.0032406; BI   ;; PPBL - 3A      
2256;2247.0;Insumo;9; PRIMER PPBL 4 - PARTE B X 180L          ;VWA;;;;;0.0032406; BI   ;; PPBL - 3B      
2257;;Pieza Final;1;INSERTO DELANTERO TAOS HERO;VWA;;;;;;;;2GJ868110B ZLM 
2258;2257.0;Insumo;1; SANLEATHER III IS LE ML7 DE 1,00MM DE ES;VWA;;;;;0.1854; MTL  ;; 124.603.0164-7 
2259;2257.0;Insumo;2; INSERTO PLASTICO DERECHO TAOS           ;VWA;;;;;1.0; UN   ;; 2GJ-868-110-B  
2260;2257.0;Insumo;3; ADHESIVO FA X 18 L.                     ;VWA;;;;;11.0; BI   ;; AD - ADFA15    
2261;2257.0;Insumo;4; RETICULANTE GV X 0.6 KG                 ;VWA;;;;;11.0; BO   ;; AD - REGV0.6   
2262;2257.0;Insumo;5; ETIQUETA AUTOADHESIVA                   ;VWA;;;;;1.0; UN   ;; ET-SATO-50X20  
2263;2257.0;Insumo;6; HILO  KRISTALGRAU 30/3                  ;VWA;;;;;0.00034; KG   ;; FX284-11230E   
2264;2257.0;Insumo;7; HILO KRISTALGRAU 15/3                   ;VWA;;;;;0.00022; KG   ;; FX663TK-11230E 
2265;;Pieza Final;1;INSERT DER GRIS NO USAR;VWA;;;;;;;;2GJ868110BZCWB 
2266;2265.0;Insumo;1; INSERTO PLASTICO DERECHO TAOS           ;VWA;;;;;1.0; UN   ;; 2GJ-868-110-B  
2267;2265.0;Insumo;2; VINILO BONDEADO KRISTALLGRAU GRIS ESP 3M;VWA;;;;;0.147; MTL  ;; 3MMCL68G       
2268;2265.0;Insumo;3; ADHESIVO FA X 18 L.                     ;VWA;;;;;0.002574; BI   ;; AD - ADFA15    
2269;2265.0;Insumo;4; RETICULANTE GV X 0.6 KG                 ;VWA;;;;;0.002574; BO   ;; AD - REGV0.6   
2270;2265.0;Insumo;5; ETIQUETA TERMICA 100X60 IMPRESORA SATO  ;VWA;;;;;0.00014; ROLL ;; ET-SATO-100X60 
2271;2265.0;Insumo;6; ETIQUETA AUTOADHESIVA                   ;VWA;;;;;1.0; UN   ;; ET-SATO-50X20  
2272;2265.0;Insumo;7; CERAMIQUE GRIS 30/3                     ;VWA;;;;;0.000318; KG   ;; FX284-11317E   
2273;2265.0;Insumo;8; HILO CERAMIQUE 15/3                     ;VWA;;;;;0.00022; KG   ;; FX663TK-11317E 
2274;2265.0;Insumo;9; PRIMER PPBL 4 - PARTE A X 5 LTS         ;VWA;;;;;0.0032406; BI   ;; PPBL - 3A      
2275;2265.0;Insumo;10; PRIMER PPBL 4 - PARTE B X 180L          ;VWA;;;;;0.0032406; BI   ;; PPBL - 3B      
2276;;Pieza Final;1;INSERT DER NEGRO NO USAR;VWA;;;;;;;;2GJ868110BZKZB 
2277;2276.0;Insumo;1; INSERTO PLASTICO DERECHO TAOS           ;VWA;;;;;1.0; UN   ;; 2GJ-868-110-B  
2278;2276.0;Insumo;2; VINILO BONDEADO TITAN NEGRO ESP 3MM     ;VWA;;;;;0.147; MTL  ;; 3MMML7N        
2279;2276.0;Insumo;3; ADHESIVO FA X 18 L.                     ;VWA;;;;;0.002574; BI   ;; AD - ADFA15    
2280;2276.0;Insumo;4; RETICULANTE GV X 0.6 KG                 ;VWA;;;;;0.002574; BO   ;; AD - REGV0.6   
2281;2276.0;Insumo;5; ETIQUETA TERMICA 100X60 IMPRESORA SATO  ;VWA;;;;;0.00014; ROLL ;; ET-SATO-100X60 
2282;2276.0;Insumo;6; ETIQUETA AUTOADHESIVA                   ;VWA;;;;;1.0; UN   ;; ET-SATO-50X20  
2283;2276.0;Insumo;7; HILO  KRISTALGRAU 30/3                  ;VWA;;;;;0.00034; KG   ;; FX284-11230E   
2284;2276.0;Insumo;8; HILO KRISTALGRAU 15/3                   ;VWA;;;;;0.00022; KG   ;; FX663TK-11230E 
2285;2276.0;Insumo;9; PRIMER PPBL 4 - PARTE A X 5 LTS         ;VWA;;;;;0.0032406; BI   ;; PPBL - 3A      
2286;2276.0;Insumo;10; PRIMER PPBL 4 - PARTE B X 180L          ;VWA;;;;;0.0032406; BI   ;; PPBL - 3B      
2287;;Pieza Final;1;SOPORTE CARTER DE ASIENTO VW TAOS LH;VWA;;;;;;;;2GJ881559      
2288;2287.0;Insumo;1; ALAMBRE SAE 1010 - Diam. 6 mm           ;VWA;;;;;0.16; KG   ;; A1010-6-R      
2289;2287.0;Insumo;2; Chapa para soporte cubre carter Taos    ;VWA;;;;;3.0; UN   ;; CH.2GJ.881     
2290;2287.0;Insumo;3; PINTURA SOPORTE DE CARTER ASIENTO LH    ;VWA;;;;;1.0; UN   ;; P.2GJ.881-LH   
2291;;Pieza Final;1;SOPORTE CARTER DE ASIENTO VW TAOS RH;VWA;;;;;;;;2GJ881560      
2292;2291.0;Insumo;1; ALAMBRE SAE 1010 - Diam. 6 mm           ;VWA;;;;;0.16; KG   ;; A1010-6-R      
2293;2291.0;Insumo;2; Chapa para soporte cubre carter Taos    ;VWA;;;;;3.0; UN   ;; CH.2GJ.881     
2294;2291.0;Insumo;3; PINTURA SOPORTE DE CARTER ASIENTO RH    ;VWA;;;;;1.0; UN   ;; P.2GJ.881-RH   
2295;;Pieza Final;1;APC DELANTERO TAOS;VWA;;;;;;;;2GJ881901A-ICE 
2296;2295.0;Insumo;1; SANLEATHER III IS LE EXP CL68 TITANSCHWA;VWA;;;;;0.1713; MTL  ;; 124.603.0124-6 
2297;2295.0;Insumo;2; ESPUMA APC DELANTERO TAOS               ;VWA;;;;;1.0; UN   ;; 2GJ881931      
2298;2295.0;Insumo;3; SOPORTE APC DELANTERO TAOS              ;VWA;;;;;1.0; UN   ;; 5QM881914E     
2299;2295.0;Insumo;4; D8155-J-145-PERFIL J 14                 ;VWA;;;;;1.0; UN   ;; BARACK-01      
2300;2295.0;Insumo;5; D8155-J-20-PERFIL J 14                  ;VWA;;;;;2.0; UN   ;; BARACK-02      
2301;2295.0;Insumo;6; PERFIL MEDIA FLECHA CIERRE APC TAOS 180 ;VWA;;;;;1.0; UN   ;; D4688 1/2 F 180
2302;2295.0;Insumo;7; ETIQUETA TERMICA 100X60 IMPRESORA SATO  ;VWA;;;;;8.75e-05; ROLL ;; ET-SATO-100X60 
2303;2295.0;Insumo;8; ETIQUETA POLIAMIDA 30 X 100 MT          ;VWA;;;;;0.06; MTS  ;; ETIQ 30100     
2304;2295.0;Insumo;9; HILO POLYESTER 20/3 NEGRO BILEVICH      ;VWA;;;;;0.000573; KG   ;; GM20W-49990    
2305;2295.0;Insumo;10; HILO 30/3 W4999 NEGRO BILEVICH          ;VWA;;;;;0.0007545; KG   ;; GM30W-49990    
2306;;Pieza Final;1;APC TRASERO CENTRAL TAOS;VWA;;;;;;;;2GJ885900A-ICE 
2307;2306.0;Insumo;1; SANLEATHER III IS LE EXP CL68 TITANSCHWA;VWA;;;;;0.1327; MTL  ;; 124.603.0124-6 
2308;2306.0;Insumo;2; ESPUMA APC TRASERO CENTRAL VW TAOS      ;VWA;;;;;1.0; UN   ;; 2GJ885932      
2309;2306.0;Insumo;3; SOPORTE APC TRASERO CENTRAL TAOS        ;VWA;;;;;1.0; UN   ;; 5QM885916      
2310;2306.0;Insumo;4; BOLSA 35X40 CRISTAL VIRGEN              ;VWA;;;;;1.0; UN   ;; BA 35 40       
2311;2306.0;Insumo;5; PERFIL J CIERRE D8155 155 MM            ;VWA;;;;;1.0; UN   ;; D8155 J 155    
2312;2306.0;Insumo;6; PERFIL FLECHA CIERRE APC TAOS 155 MM    ;VWA;;;;;1.0; UN   ;; D8156 F 155    
2313;2306.0;Insumo;7; ETIQUETA TERMICA 100X60 IMPRESORA SATO  ;VWA;;;;;8.75e-05; ROLL ;; ET-SATO-100X60 
2314;2306.0;Insumo;8; ETIQUETA AUTOADHESIVA                   ;VWA;;;;;1.0; UN   ;; ET-SATO-50X20  
2315;2306.0;Insumo;9; ETIQUETA POLIAMIDA 30 X 100 MT          ;VWA;;;;;0.06; MTS  ;; ETIQ 30100     
2316;2306.0;Insumo;10; HILO POLYESTER 20/3 NEGRO BILEVICH      ;VWA;;;;;0.00046; KG   ;; GM20W-49990    
2317;2306.0;Insumo;11; HILO 30/3 W4999 NEGRO BILEVICH          ;VWA;;;;;0.000957; KG   ;; GM30W-49990    
2318;;Pieza Final;1;APC TRASERO LATERAL TAOS;VWA;;;;;;;;2GJ885901A-ICE 
2319;2318.0;Insumo;1; SANLEATHER III IS LE EXP CL68 TITANSCHWA;VWA;;;;;0.134; MTL  ;; 124.603.0124-6 
2320;2318.0;Insumo;2; ESPUMA APC TRASERO LATERAL VW TAOS      ;VWA;;;;;1.0; UN   ;; 2GJ885931      
2321;2318.0;Insumo;3; SOPORTE APC TRASERO LATERAL TAOS        ;VWA;;;;;1.0; UN   ;; 5QM885914C     
2322;2318.0;Insumo;4; BOLSA 35X50 CRISTAL VIRGEN              ;VWA;;;;;1.0; UN   ;; BA 35 50       
2323;2318.0;Insumo;5; PERFIL J CIERRE D8155 130 MM            ;VWA;;;;;1.0; UN   ;; D8155 J 130    
2324;2318.0;Insumo;6; PERFIL J CIERRE D8155 15 MM             ;VWA;;;;;2.0; UN   ;; D8155 J 15     
2325;2318.0;Insumo;7; PERFIL FLECHA CIERRE APC TAOS 155 MM    ;VWA;;;;;1.0; UN   ;; D8156 F 155    
2326;2318.0;Insumo;8; ETIQUETA TERMICA 100X60 IMPRESORA SATO  ;VWA;;;;;8.75e-05; ROLL ;; ET-SATO-100X60 
2327;2318.0;Insumo;9; ETIQUETA AUTOADHESIVA                   ;VWA;;;;;1.0; UN   ;; ET-SATO-50X20  
2328;2318.0;Insumo;10; ETIQUETA POLIAMIDA 30 X 100 MT          ;VWA;;;;;0.06; MTS  ;; ETIQ 30100     
2329;2318.0;Insumo;11; HILO POLYESTER 20/3 NEGRO BILEVICH      ;VWA;;;;;0.0004775; KG   ;; GM20W-49990    
2330;2318.0;Insumo;12; HILO 30/3 W4999 NEGRO BILEVICH          ;VWA;;;;;0.0006288; KG   ;; GM30W-49990    
2331;;Pieza Final;1;INSERT MAT;VWA;;;;;;;;2GK-863-011 QUE
2332;2331.0;Insumo;1; HOLDER THROW IN MAT BLACK CLIP INFERIOR ;VWA;;;;;2.0; UN   ;; 15441E/3C0 864 
2333;2331.0;Insumo;2; COVER CAP THROW IN MAT SATINBLACK CLIP S;VWA;;;;;2.0; UN   ;; 15442-E/3C0 864
2334;2331.0;Insumo;3; N.T 100% PES DILOUR /C. 2,00 X 1,20     ;VWA;;;;;0.55; UN   ;;230915
2335;2331.0;Insumo;4; CINTA SARGA 25MM NEGRO                  ;VWA;;;;;8.0; MTS  ;;5826
2336;2331.0;Insumo;5; BOLSA CRISTAL C/FUELLE 60x90 CM 30 MICRO;VWA;;;;;0.25; UN   ;; BA 60 90       
2337;2331.0;Insumo;6; ETIQUETA TERMICA 100X60 IMPRESORA SATO  ;VWA;;;;;0.00125; ROLL ;; ET-SATO-100X60 
2338;2331.0;Insumo;7; ETIQUETA POLIAMINADA 240X30MM           ;VWA;;;;;0.24; MTS  ;; ETIQ 240X30MM  
2339;2331.0;Insumo;8; HILO POLYESTER 20/3 NEGRO BILEVICH      ;VWA;;;;;0.0008; KG   ;; GM20W-49990    
2340;2331.0;Insumo;9; HILO 30/3 W4999 NEGRO BILEVICH          ;VWA;;;;;0.0012; KG   ;; GM30W-49990    
2341;;Pieza Final;1;INSERT MAT EXCLUSIVE TAOS PA;VWA;;;;;;;;2GK-863-011-A-Q
2342;2341.0;Insumo;1; HOLDER THROW IN MAT BLACK CLIP INFERIOR ;VWA;;;;;2.0; UN   ;; 15441E/3C0 864 
2343;2341.0;Insumo;2; COVER CAP THROW IN MAT SATINBLACK CLIP S;VWA;;;;;2.0; UN   ;; 15442-E/3C0 864
2344;2341.0;Insumo;3; N.T 100% PES DILOUR /C. 2,00 X 1,20     ;VWA;;;;;0.55; UN   ;;230915
2345;2341.0;Insumo;4; CINTA SARGA 25MM NEGRO                  ;VWA;;;;;8.0; MTS  ;;5826
2346;2341.0;Insumo;5; HILO NEGRO 20/3 VW                      ;VWA;;;;;1.0; MTS  ;; 583529.X-9224  
2347;2341.0;Insumo;6; HILO SATINSCHWARTZ CALORA 30/3          ;VWA;;;;;1.62; MTS  ;; 583650.X-9224  
2348;2341.0;Insumo;7; BOLSA CRISTAL C/FUELLE 60x90 CM 30 MICRO;VWA;;;;;0.25; UN   ;; BA 60 90       
2349;2341.0;Insumo;8; ETIQUETA TERMICA 100X60 IMPRESORA SATO  ;VWA;;;;;0.25; ROLL ;; ET-SATO-100X60 
2350;2341.0;Insumo;9; ETIQUETA POLIAMIDA 30 X 100 MT          ;VWA;;;;;0.24; MTS  ;; ETIQ 30100     
2351;;Pieza Final;1;APB RPU DELANTERO RH;VWA;;;;;;;;2H0867165P BAK 
2352;2351.0;Insumo;1; SANLEATHER IV IS LE CL68 TITANSCHWARZ   ;VWA;;;;;0.33; MTS  ;; 124.544.0066-0 
2353;2351.0;Insumo;2; RETICULANTE GV X 0.6 KG                 ;VWA;;;;;0.0029; BO   ;; AD - REGV0.6   
2354;2351.0;Insumo;3; ADHESIVO NC X 18 LTS FENOCLOR           ;VWA;;;;;0.086; BI   ;; AD-ADNC18      
2355;2351.0;Insumo;4; VINILO BONDEADO BISON MINI ESPUMA PU35 E;VWA;;;;;0.33; MTS  ;; VB-BM-PU35-4   
2356;;Pieza Final;1;APB RPU  DELANTERO LH;VWA;;;;;;;;2H0867166P BAK 
2357;2356.0;Insumo;1; SANLEATHER IV IS LE CL68 TITANSCHWARZ   ;VWA;;;;;0.33; MTS  ;; 124.544.0066-0 
2358;2356.0;Insumo;2; RETICULANTE GV X 0.6 KG                 ;VWA;;;;;0.0029; BO   ;; AD - REGV0.6   
2359;2356.0;Insumo;3; ADHESIVO NC X 18 LTS FENOCLOR           ;VWA;;;;;0.086; BI   ;; AD-ADNC18      
2360;2356.0;Insumo;4; VINILO BONDEADO BISON MINI ESPUMA PU35 E;VWA;;;;;0.33; MTS  ;; VB-BM-PU35-4   
2361;;Pieza Final;1;TOOL KIT RETAINING STRAP VW AMAROK;VWA;;;;;;;;2H0867749      
2362;2361.0;Insumo;1;  BOLSA NYLON 40 X 20CM                  ;VWA;;;;;0.03; UN   ;; BOLSA 40X20CM  
2363;2361.0;Insumo;2; ETIQUETA TERMICA 100X60 IMPRESORA SATO  ;VWA;;;;;6.25e-05; ROLL ;; ET-SATO-100X60 
2364;2361.0;Insumo;3; ETIQUETA ILUSTRACION 20 X 50 MTS        ;VWA;;;;;0.005; MTS  ;; ETIQ 2050      
2365;2361.0;Insumo;4; FELPA DE VELCRO RETAINING STRAP VW AMARO;VWA;;;;;0.305; MTS  ;; RS-FELPA-25    
2366;2361.0;Insumo;5; GANCHO DE VELCRO RETAINING STRAP VW AMAR;VWA;;;;;0.08; MTS  ;; RS-GANCHO-25   
2367;2361.0;Insumo;6; HEBILLA PLASTICA RETAINING STRAP VW AMAR;VWA;;;;;1.0; UN   ;; RS-HEBILLA     
2398;;Pieza Final;1;TAPA CONSOLA TRENDLINE AMAROK PA2;VWA;;;;;;;;2H6863761B IYO 
2399;2398.0;Insumo;1; BUFFER EPDM-G45 171857145               ;VWA;;;;;1.0; UN   ;; 022728         
2400;2398.0;Insumo;2; SANLEATHER III IS LE CL43 EXP PRT S085 L;VWA;;;;;0.1339; MTL  ;; 124.544.0075-1 
2401;2398.0;Insumo;3; BISAGRA APB CENTRAL AMAROK              ;VWA;;;;;1.0; UN   ;; 2H0863205C     
2402;2398.0;Insumo;4; CUBIERTA INTERIOR PLASTICA APB CENTRAL A;VWA;;;;;1.0; UN   ;; 2H0863765C     
2403;2398.0;Insumo;5; CUBIERTA EXTERIOR PLASTICA APB CENTRAL V;VWA;;;;;1.0; UN   ;; 2H0863766D     
2404;2398.0;Insumo;6; BOLSA 35X50 CRISTAL VIRGEN              ;VWA;;;;;1.0; UN   ;; BA 35 50       
2405;2398.0;Insumo;7; DESMOLDANTE DISSACOL HR 20 LT           ;VWA;;;;;0.000926; BI   ;; DISSACOL HR    
2406;2398.0;Insumo;8; GRAMPA DORKING 84-4.5                   ;VWA;;;;;34.0; UN   ;; DK/1840450     
2407;2398.0;Insumo;9; ETIQUETA TERMICA 100X60 IMPRESORA SATO  ;VWA;;;;;0.0001125; ROLL ;; ET-SATO-100X60 
2408;2398.0;Insumo;10; HILO JET BLACK 15/3 19-0303             ;VWA;;;;;0.00062; KG   ;; FX663TK-E0PTO  
2409;2398.0;Insumo;11; ISOCIANATO ISO-PLUS 1290                ;VWA;;;;;0.04; KG   ;; ISOPLUS 1290   
2410;2398.0;Insumo;12; TORNILLO TP5X22-Q                       ;VWA;;;;;2.0; UN   ;; N.907.397.04   
2411;2398.0;Insumo;13; POLIOL APB CENTRAL VW AMAROK            ;VWA;;;;;0.08; KG   ;; POLIPLUS FF629 
2412;2398.0;Insumo;14; TNT PP 80 GRS/M2 A 1,5  - Blanco ML     ;VWA;;;;;0.00933; MTL  ;; TPP80B-1.5     
2413;;Pieza Final;1;TAPA CONSOLA HIGHLINE AMAROK PA2;VWA;;;;;;;;2H6863761B OIO 
2414;2413.0;Insumo;1; BUFFER EPDM-G45 171857145               ;VWA;;;;;2.0; UN   ;; 022728         
2415;2413.0;Insumo;2; SANLEATHER III IS LE CL43 EXP PRT S085 L;VWA;;;;;0.1339; MTL  ;; 124.544.0075-1 
2416;2413.0;Insumo;3; BISAGRA APB CENTRAL AMAROK              ;VWA;;;;;1.0; UN   ;; 2H0863205C     
2417;2413.0;Insumo;4; CUBIERTA INTERIOR PLASTICA APB CENTRAL A;VWA;;;;;1.0; UN   ;; 2H0863765C     
2418;2413.0;Insumo;5; CUBIERTA EXTERIOR PLASTICA APB CENTRAL V;VWA;;;;;1.0; UN   ;; 2H0863766D     
2419;2413.0;Insumo;6; BOLSA 35X40 CRISTAL VIRGEN              ;VWA;;;;;1.0; UN   ;; BA 35 40       
2420;2413.0;Insumo;7; DESMOLDANTE DISSACOL HR 20 LT           ;VWA;;;;;0.000926; BI   ;; DISSACOL HR    
2421;2413.0;Insumo;8; GRAMPA DORKING 84-4.5                   ;VWA;;;;;34.0; UN   ;; DK/1840450     
2422;2413.0;Insumo;9; ETIQUETA TERMICA 100X60 IMPRESORA SATO  ;VWA;;;;;0.0001125; ROLL ;; ET-SATO-100X60 
2423;2413.0;Insumo;10; HILO FLINT GRAY 30/3 16-5803            ;VWA;;;;;0.00045; KG   ;; FX284-12088E   
2424;2413.0;Insumo;11; HILO FLINT GREY 15/3 PANTONE 16-5803TPG ;VWA;;;;;0.00062; KG   ;; FX663TK-12088E 
2425;2413.0;Insumo;12; ISOCIANATO ISO-PLUS 1290                ;VWA;;;;;0.04; KG   ;; ISOPLUS 1290   
2426;2413.0;Insumo;13; TORNILLO TP5X22-Q                       ;VWA;;;;;2.0; UN   ;; N.907.397.04   
2427;2413.0;Insumo;14; POLIOL APB CENTRAL VW AMAROK            ;VWA;;;;;0.08; KG   ;; POLIPLUS FF629 
2428;2413.0;Insumo;15; TNT PP 80 GRS/M2 A 1,5  - Blanco ML     ;VWA;;;;;0.00933; MTL  ;; TPP80B-1.5     
2451;;Pieza Final;1;APB RPU TRASERO RH;VWA;;;;;;;;2H7867363M BAK 
2452;2451.0;Insumo;1; SANLEATHER IV IS LE CL68 TITANSCHWARZ   ;VWA;;;;;0.33; MTS  ;; 124.544.0066-0 
2453;2451.0;Insumo;2; RETICULANTE GV X 0.6 KG                 ;VWA;;;;;0.0029; BO   ;; AD - REGV0.6   
2454;2451.0;Insumo;3; ADHESIVO NC X 18 LTS FENOCLOR           ;VWA;;;;;0.086; BI   ;; AD-ADNC18      
2455;2451.0;Insumo;4; VINILO BONDEADO BISON MINI ESPUMA PU35 E;VWA;;;;;0.33; MTS  ;; VB-BM-PU35-4   
2456;;Pieza Final;1;APB RPU TRASERO LH;VWA;;;;;;;;2H7867364M BAK 
2457;2456.0;Insumo;1; SANLEATHER IV IS LE CL68 TITANSCHWARZ   ;VWA;;;;;0.33; MTS  ;; 124.544.0066-0 
2458;2456.0;Insumo;2; RETICULANTE GV X 0.6 KG                 ;VWA;;;;;0.0029; BO   ;; AD - REGV0.6   
2459;2456.0;Insumo;3; ADHESIVO NC X 18 LTS FENOCLOR           ;VWA;;;;;0.086; BI   ;; AD-ADNC18      
2460;2456.0;Insumo;4; VINILO BONDEADO BISON MINI ESPUMA PU35 E;VWA;;;;;0.33; MTS  ;; VB-BM-PU35-4   
2500;;Pieza Final;1;APC LATERAL AMAROK;VWA;;;;;;;;2HP885901D L18 
2501;2500.0;Insumo;1; ESTRUCTURA APOYACAB LAT WEU (V12EZ3)    ;VWA;;;;;1.0; UN   ;; 1058173X-04    
2502;2500.0;Insumo;2; ESPUMA APOYACAB LAT WEU                 ;VWA;;;;;1.0; UN   ;; 1087001X       
2503;2500.0;Insumo;3; Perfil J L40 x W21,2 mm (RPU)           ;VWA;;;;;2.0; UN   ;; 1093000X       
2504;2500.0;Insumo;4; Perfil J L140 x W21,2 mm (RPU)          ;VWA;;;;;1.0; UN   ;; 1094904X       
2505;2500.0;Insumo;5; Perfil Plano L220 x W12 mm (RPU)        ;VWA;;;;;1.0; UN   ;; 1109900X       
2506;2500.0;Insumo;6; Tejido Clip Uni Titan 1mm 1,80m         ;VWA;;;;;0.132; MTL  ;; 1943758X       
2507;2500.0;Insumo;7; Hilo Schwarz 9224 150Tex=20/3Nm (RPU)   ;VWA;;;;;0.000275; KG   ;;8301093
2508;2500.0;Insumo;8; Hilo Schwarz 9224 100Tex=30/3Nm (RPU)   ;VWA;;;;;7.26; MTS  ;;8301094
2509;2500.0;Insumo;9; ETIQUETA AUTOADHESIVA                   ;VWA;;;;;1.0; UN   ;; ET-SATO-50X20  
2514;;Pieza Final;1;APC LATERAL AMAROK;VWA;;;;;;;;2HP885901F ICE 
2515;2514.0;Insumo;1; ESTRUCTURA APOYACAB LAT WEU (V12EZ3)    ;VWA;;;;;1.0; UN   ;; 1058173X-04    
2516;2514.0;Insumo;2; ESPUMA APOYACAB LAT WEU                 ;VWA;;;;;1.0; UN   ;; 1087001X       
2517;2514.0;Insumo;3; Perfil J L40 x W21,2 mm (RPU)           ;VWA;;;;;2.0; UN   ;; 1093000X       
2518;2514.0;Insumo;4; Perfil J L140 x W21,2 mm (RPU)          ;VWA;;;;;1.0; UN   ;; 1094904X       
2519;2514.0;Insumo;5; Perfil Plano L220 x W12 mm (RPU)        ;VWA;;;;;1.0; UN   ;; 1109900X       
2520;2514.0;Insumo;6; Hilo Schwarz 9224 150Tex=20/3Nm (RPU)   ;VWA;;;;;0.003; KG   ;;8301093
2521;2514.0;Insumo;7; Hilo Schwarz 9224 100Tex=30/3Nm (RPU)   ;VWA;;;;;7.26; MTS  ;;8301094
2522;2514.0;Insumo;8; ETIQUETA AUTOADHESIVA                   ;VWA;;;;;1.0; UN   ;; ET-SATO-50X20  
2523;2514.0;Insumo;9; Acella FK BK #2191 - TITANSCHWARZ BPE 2,;VWA;;;;;0.155; MTL  ;; V8080101I1600A 
2529;;Pieza Final;1;APC CENTRAL AMAROK;VWA;;;;;;;;2HP885901G L18 
2530;2529.0;Insumo;1; ESTRUCTURA APOYACAB CTRL WEU            ;VWA;;;;;1.0; UN   ;; 1058174X       
2531;2529.0;Insumo;2; Perfil S L120 x W13.2 mm (RPU)          ;VWA;;;;;1.0; UN   ;; 1071474X       
2532;2529.0;Insumo;3; Perfil S L140 x W13.2 mm (RPU)          ;VWA;;;;;1.0; UN   ;; 1071475X       
2533;2529.0;Insumo;4; Perfil S L50 x W13.2 mm (RPU)           ;VWA;;;;;2.0; UN   ;; 1071476X       
2534;2529.0;Insumo;5; ESPUMA APOYACAB CTRL WEU                ;VWA;;;;;1.0; UN   ;; 1086600X       
2535;2529.0;Insumo;6; PLASTICO APOYACAB CTRL WEU              ;VWA;;;;;1.0; UN   ;; 1086601X       
2536;2529.0;Insumo;7; Tejido Clip Uni Titan 1mm 1,80m         ;VWA;;;;;0.97; MTL  ;; 1943758X       
2537;2529.0;Insumo;8; Hilo Schwarz 9224 150Tex=20/3Nm (RPU)   ;VWA;;;;;0.000303; KG   ;;8301093
2538;2529.0;Insumo;9; Hilo Schwarz 9224 100Tex=30/3Nm (RPU)   ;VWA;;;;;7.7; MTS  ;;8301094
2539;2529.0;Insumo;10; ETIQUETA AUTOADHESIVA                   ;VWA;;;;;1.0; UN   ;; ET-SATO-50X20  
2545;;Pieza Final;1;APC CENTRAL AMAROK;VWA;;;;;;;;2HP885901J ICE 
2546;2545.0;Insumo;1; ESTRUCTURA APOYACAB CTRL WEU            ;VWA;;;;;1.0; UN   ;; 1058174X       
2547;2545.0;Insumo;2; Perfil S L120 x W13.2 mm (RPU)          ;VWA;;;;;1.0; UN   ;; 1071474X       
2548;2545.0;Insumo;3; Perfil S L140 x W13.2 mm (RPU)          ;VWA;;;;;1.0; UN   ;; 1071475X       
2549;2545.0;Insumo;4; Perfil S L50 x W13.2 mm (RPU)           ;VWA;;;;;2.0; UN   ;; 1071476X       
2550;2545.0;Insumo;5; ESPUMA APOYACAB CTRL WEU                ;VWA;;;;;1.0; UN   ;; 1086600X       
2551;2545.0;Insumo;6; PLASTICO APOYACAB CTRL WEU              ;VWA;;;;;1.0; UN   ;; 1086601X       
2552;2545.0;Insumo;7; Hilo Schwarz 9224 150Tex=20/3Nm (RPU)   ;VWA;;;;;0.000303; KG   ;;8301093
2553;2545.0;Insumo;8; Hilo Schwarz 9224 100Tex=30/3Nm (RPU)   ;VWA;;;;;7.7; MTS  ;;8301094
2554;2545.0;Insumo;9; ETIQUETA AUTOADHESIVA                   ;VWA;;;;;1.0; UN   ;; ET-SATO-50X20  
2555;2545.0;Insumo;10; Acella FK BK #2191 - TITANSCHWARZ BPE 2,;VWA;;;;;0.11; MTL  ;; V8080101I1600A 
2781;;Pieza Final;1;TAPA CONSOLA COMFORTLINE AMAROK PA2;VWA;;;;;;;;2HT863761 SMC  
2782;2781.0;Insumo;1; BUFFER EPDM-G45 171857145               ;VWA;;;;;2.0; UN   ;; 022728         
2783;2781.0;Insumo;2; BISAGRA APB CENTRAL AMAROK              ;VWA;;;;;1.0; UN   ;; 2H0863205C     
2784;2781.0;Insumo;3; CUBIERTA INTERIOR PLASTICA APB CENTRAL A;VWA;;;;;1.0; UN   ;; 2H0863765C     
2785;2781.0;Insumo;4; CUBIERTA EXTERIOR PLASTICA APB CENTRAL V;VWA;;;;;1.0; UN   ;; 2H0863766D     
2786;2781.0;Insumo;5; LOOP SATIN 1,5MM + TL / PUR D40 +/- 5 KG;VWA;;;;;0.1155; MTL  ;; 8438P076948    
2787;2781.0;Insumo;6; BOLSA 35X50 CRISTAL VIRGEN              ;VWA;;;;;1.0; UN   ;; BA 35 50       
2788;2781.0;Insumo;7; DESMOLDANTE DISSACOL HR 20 LT           ;VWA;;;;;0.000926; BI   ;; DISSACOL HR    
2789;2781.0;Insumo;8; GRAMPA DORKING 84-4.5                   ;VWA;;;;;34.0; UN   ;; DK/1840450     
2790;2781.0;Insumo;9; ETIQUETA TERMICA 100X60 IMPRESORA SATO  ;VWA;;;;;0.0001125; ROLL ;; ET-SATO-100X60 
2791;2781.0;Insumo;10; HILO FLINT GRAY 30/3 16-5803            ;VWA;;;;;0.00045; KG   ;; FX284-12088E   
2792;2781.0;Insumo;11; HILO FLINT GREY 15/3 PANTONE 16-5803TPG ;VWA;;;;;0.00062; KG   ;; FX663TK-12088E 
2793;2781.0;Insumo;12; ISOCIANATO ISO-PLUS 1290                ;VWA;;;;;0.04; KG   ;; ISOPLUS 1290   
2794;2781.0;Insumo;13; TORNILLO TP5X22-Q                       ;VWA;;;;;2.0; UN   ;; N.907.397.04   
2795;2781.0;Insumo;14; POLIOL APB CENTRAL VW AMAROK            ;VWA;;;;;0.08; KG   ;; POLIPLUS FF629 
2796;2781.0;Insumo;15; TNT PP 80 GRS/M2 A 1,5  - Blanco ML     ;VWA;;;;;0.00933; MTL  ;; TPP80B-1.5     
2823;;Pieza Final;1;APC DELANTERO HIGHLINE AMAROK PA2;VWA;;;;;;;;2HT881901D YZM 
2824;2823.0;Insumo;1; PERFIL FLECHA 1 X 180MM LARGO           ;VWA;;;;;1.0; UN   ;;103661180
2825;2823.0;Insumo;2; SANLEATHER III IS LE CL43 EXP PRT S085 L;VWA;;;;;0.1713; MTL  ;; 124.603.0157-0 
2826;2823.0;Insumo;3; SOPORTE APC DELANTERO AMAROK PA2        ;VWA;;;;;1.0; UN   ;; 2HT.881.914    
2827;2823.0;Insumo;4; BOTON APC DELANTERO AMAROK PA2          ;VWA;;;;;1.0; UN   ;; 5G0.881.964    
2828;2823.0;Insumo;5; ESPUMAS PWA APC DEL AMAROKPA2           ;VWA;;;;;1.0; UN   ;;80104
2829;2823.0;Insumo;6; BOLSA 35X50 CRISTAL VIRGEN              ;VWA;;;;;1.0; UN   ;; BA 35 50       
2830;2823.0;Insumo;7; D8155-J-145-PERFIL J 14                 ;VWA;;;;;1.0; UN   ;; BARACK-01      
2831;2823.0;Insumo;8; D8155-J-20-PERFIL J 14                  ;VWA;;;;;2.0; UN   ;; BARACK-02      
2832;2823.0;Insumo;9; ETIQUETA TERMICA 100X60 IMPRESORA SATO  ;VWA;;;;;8.75e-05; ROLL ;; ET-SATO-100X60 
2833;2823.0;Insumo;10; ETIQUETA AUTOADHESIVA                   ;VWA;;;;;1.0; UN   ;; ET-SATO-50X20  
2834;2823.0;Insumo;11; Hilo union Negro Titan Pantone 19-4205 T;VWA;;;;;0.0007545; KG   ;; FX284-E0PTO    
2835;2823.0;Insumo;12; HILO FLINTGREY AMAROK PA II TEX158-20/3 ;VWA;;;;;0.000573; KG   ;; FX483TK-12088E 
2836;;Pieza Final;1;APC DELANTERO COMFORTLINE;VWA;;;;;;;;2HT881901E OHE 
2837;2836.0;Insumo;1; PERFIL FLECHA 1 X 180MM LARGO           ;VWA;;;;;1.0; UN   ;;103661180
2838;2836.0;Insumo;2; SOPORTE APC DELANTERO AMAROK PA2        ;VWA;;;;;1.0; UN   ;; 2HT.881.914    
2839;2836.0;Insumo;3; BOTON APC DELANTERO AMAROK PA2          ;VWA;;;;;1.0; UN   ;; 5G0.881.964    
2840;2836.0;Insumo;4; ESPUMAS PWA APC DEL AMAROKPA2           ;VWA;;;;;1.0; UN   ;;80104
2841;2836.0;Insumo;5; LOOP SATIN 1,5MM + TL / PUR D40 +/- 5 KG;VWA;;;;;0.1271; MTL  ;; 8438P076948    
2842;2836.0;Insumo;6; BOLSA 35X50 CRISTAL VIRGEN              ;VWA;;;;;1.0; UN   ;; BA 35 50       
2843;2836.0;Insumo;7; D8155-J-145-PERFIL J 14                 ;VWA;;;;;1.0; UN   ;; BARACK-01      
2844;2836.0;Insumo;8; D8155-J-20-PERFIL J 14                  ;VWA;;;;;2.0; UN   ;; BARACK-02      
2845;2836.0;Insumo;9; ETIQUETA TERMICA 100X60 IMPRESORA SATO  ;VWA;;;;;8.75e-05; ROLL ;; ET-SATO-100X60 
2846;2836.0;Insumo;10; ETIQUETA AUTOADHESIVA                   ;VWA;;;;;1.0; UN   ;; ET-SATO-50X20  
2847;2836.0;Insumo;11; Hilo union Negro Titan Pantone 19-4205 T;VWA;;;;;0.0007546; KG   ;; FX284-E0PTO    
2848;2836.0;Insumo;12; HILO FLINTGREY AMAROK PA II TEX158-20/3 ;VWA;;;;;0.000573; KG   ;; FX483TK-12088E 
3482;;Pieza Final;1;CORTE 00252631-02-NHZD;VWA;;;;;;;;COR-002-631-NHZ
3483;3482.0;Insumo;1; MISTRAL ZINA PIP 6TI                    ;VWA;;;;;0.12; MTL  ;; 630140ZN65277I 
3484;;Pieza Final;1;CORTE 00252632-02-NHZD;VWA;;;;;;;;COR-002-632-NHZ
3485;3484.0;Insumo;1; MISTRAL ZINA PIP 6TI                    ;VWA;;;;;0.12; MTL  ;; 630140ZN65277I 
3486;;Pieza Final;1;CORTE TOP ROLL TAOS;VWA;;;;;;;;COR-2GJ-087    
3487;3486.0;Insumo;1; SANVEO PP PR CL81 2,10MM DE ESPESOR Y 1,;VWA;;;;;0.136; MTL  ;; 124.549.0070-0 
3488;;Pieza Final;1;CORTE 2GJ868088 TOP ROLL TAOS DERECHO;VWA;;;;;;;;COR-2GJ-088    
3489;3488.0;Insumo;1; SANVEO PP PR CL81 2,10MM DE ESPESOR Y 1,;VWA;;;;;0.136; MTL  ;; 124.549.0070-0 
3496;;Pieza Final;1;CORTE 2GJ868109B ZCW INSERTO TAOS DELA;VWA;;;;;;;;COR-2GJ-109B-ZC
3497;3496.0;Insumo;1; SANLEATHER III IS LE CL68 DE 1,00MM DE E;VWA;;;;;0.2435; MTL  ;; 124.603.0162-3 
3498;;Pieza Final;1;CORTE 2GJ868109B ZKZ INSERTO TAOS DELA;VWA;;;;;;;;COR-2GJ-109B-ZK
3499;3498.0;Insumo;1; SANLEATHER III IS LE ML7 DE 1,00MM DE ES;VWA;;;;;0.2435; MTL  ;; 124.603.0163-5 
3500;;Pieza Final;1;CORTE 2GJ868109B ZLM INSERTO TAOS DELA;VWA;;;;;;;;COR-2GJ-109B-ZL
3501;3500.0;Insumo;1; SANLEATHER III IS LE ML7 DE 1,00MM DE ES;VWA;;;;;0.2435; MTL  ;; 124.603.0164-7 
3508;;Pieza Final;1;CORTE 2GJ868110B ZCW INSERTO TAOS DELA;VWA;;;;;;;;COR-2GJ-110B-ZC
3509;3508.0;Insumo;1; SANLEATHER III IS LE CL68 DE 1,00MM DE E;VWA;;;;;0.2435; MTL  ;; 124.603.0162-3 
3510;;Pieza Final;1;CORTE 2GJ868110B ZKZ INSERTO DELANTERO;VWA;;;;;;;;COR-2GJ-110B-ZK
3511;3510.0;Insumo;1; SANLEATHER III IS LE ML7 DE 1,00MM DE ES;VWA;;;;;0.2435; MTL  ;; 124.603.0163-5 
3512;;Pieza Final;1;CORTE 2GJ868110B ZLM INSERTO TAOS DELA;VWA;;;;;;;;COR-2GJ-110B-ZL
3513;3512.0;Insumo;1; SANLEATHER III IS LE ML7 DE 1,00MM DE ES;VWA;;;;;0.2435; MTL  ;; 124.603.0164-7 
3514;;Pieza Final;1;CORTE APB DELANTERO TAOS;VWA;;;;;;;;COR-2GJ-165    
3515;3514.0;Insumo;1; SANVEO PE PR CL68 5,00MM DE ESPESOR Y 1,;VWA;;;;;0.037; MTL  ;; 124.549.0069-3 
3516;;Pieza Final;1;CORTE APB DERECHO TAOS;VWA;;;;;;;;COR-2GJ-166    
3517;3516.0;Insumo;1; SANVEO PE PR CL68 5,00MM DE ESPESOR Y 1,;VWA;;;;;0.037; MTL  ;; 124.549.0069-3 
3518;;Pieza Final;1;CORTE APB TRASERO TAOS;VWA;;;;;;;;COR-2GJ-363    
3519;3518.0;Insumo;1; SANVEO PE PR CL68 5,00MM DE ESPESOR Y 1,;VWA;;;;;0.038; MTL  ;; 124.549.0069-3 
3520;;Pieza Final;1;CORTE APB TRASERO DERECHO TAOS;VWA;;;;;;;;COR-2GJ-364    
3521;3520.0;Insumo;1; SANVEO PE PR CL68 5,00MM DE ESPESOR Y 1,;VWA;;;;;0.038; MTL  ;; 124.549.0069-3 
3522;;Pieza Final;1;CORTE 2GJ858417A ZCW IP TAOS;VWA;;;;;;;;COR-2GJ-417A-ZC
3523;3522.0;Insumo;1; SANLEATHER VI IS LE CL68 DE 0,90MM DE ES;VWA;;;;;0.05; MTL  ;; 124.544.0081-7 
3524;;Pieza Final;1;CORTE 2GJ.858.417 A ZKZ;VWA;;;;;;;;COR-2GJ-417A-ZK
3525;3524.0;Insumo;1; SANLEATHER VI IS LE ML7 DE 0,90MM DE ESP;VWA;;;;;0.05; MTL  ;; 124.544.0082-9 
3526;;Pieza Final;1;CORTE 2GJ.858.417 A ZLM;VWA;;;;;;;;COR-2GJ-417A-ZL
3527;3526.0;Insumo;1; SANLEATHER VI IS LE ML7 DE 0,90MM DE ESP;VWA;;;;;0.05; MTL  ;; 124.544.0080-5 
3528;;Pieza Final;1;CORTE 2GJ858417D CNG IP TAOS PA EXCLUS;VWA;;;;;;;;COR-2GJ-417D-CN
3529;3528.0;Insumo;1; VINILO IS M12 PRETO S085 (TITAN BLACK) T;VWA;;;;;0.051; MTL  ;; 197.022.0512-5 
3530;;Pieza Final;1;CORTE 2GJ858418A ZCW;VWA;;;;;;;;COR-2GJ-418A-ZC
3531;3530.0;Insumo;1; SANLEATHER VI IS LE CL68 DE 0,90MM DE ES;VWA;;;;;0.162; MTL  ;; 124.544.0081-7 
3532;;Pieza Final;1;CORTE 2GJ858418A ZKZ IP TAOS;VWA;;;;;;;;COR-2GJ-418A-ZK
3533;3532.0;Insumo;1; SANLEATHER VI IS LE ML7 DE 0,90MM DE ESP;VWA;;;;;0.162; MTL  ;; 124.544.0082-9 
3534;;Pieza Final;1;CORTE 2GJ858418A ZLM IP TAOS;VWA;;;;;;;;COR-2GJ-418A-ZL
3535;3534.0;Insumo;1; SANLEATHER VI IS LE ML7 DE 0,90MM DE ESP;VWA;;;;;0.162; MTL  ;; 124.544.0080-5 
3536;;Pieza Final;1;CORTE 2GJ858418D AMB IP TAOS PA HIGHLI;VWA;;;;;;;;COR-2GJ-418D-AB
3537;3536.0;Insumo;1; VINILO IS M12 PRETO S085 (TITAN BLACK) T;VWA;;;;;0.1411; MTL  ;; 197.022.0512-5 
3538;;Pieza Final;1;CORTE 2GJ858418D CNG IP TAOS PA EXCLUS;VWA;;;;;;;;COR-2GJ-418D-CN
3539;3538.0;Insumo;1; VINILO IS M12 PRETO S085 (TITAN BLACK) T;VWA;;;;;0.1411; MTL  ;; 197.022.0512-5 
3558;;Pieza Final;1;CORTE 2H6761B IYO APB CENTRAL AMAROK;VWA;;;;;;;;COR-2H6-761B-IY
3559;3558.0;Insumo;1; SANLEATHER III IS LE CL43 EXP PRT S085 L;VWA;;;;;0.19; MTL  ;; 124.544.0075-1 
3560;;Pieza Final;1;CORTE 2H6863761B OIO;VWA;;;;;;;;COR-2H6-761B-OI
3561;3560.0;Insumo;1; SANLEATHER III IS LE CL43 EXP PRT S085 L;VWA;;;;;0.19; MTL  ;; 124.544.0075-1 
3562;;Pieza Final;1;CORTE 2H6-761B-SMC APB CENTRAL AMAROK;VWA;;;;;;;;COR-2H6-761B-SM
3563;3562.0;Insumo;1; LOOP SATIN 1,5MM + TL / PUR D40 +/- 5 KG;VWA;;;;;0.19; MTL  ;; 8438P076948    
3578;;Pieza Final;1;CORTE 2HP885901D L18 APC LATERAL AMARO;VWA;;;;;;;;COR-2HP-901D-L1
3579;3578.0;Insumo;1; Tejido Clip Uni Titan 1mm 1,80m         ;VWA;;;;;0.132; MTL  ;; 1943758X       
3580;;Pieza Final;1;CORTE 2HP885901F ICE APC LATERAL AMARO;VWA;;;;;;;;COR-2HP-901F-IC
3581;3580.0;Insumo;1; SANLEATHER III IS LE EXP CL68 TITANSCHWA;VWA;;;;;0.155; MTL  ;; 124.603.0124-6 
3610;;Pieza Final;1;CORTE 2HT863761 SMC TAPA CONSOLA AMARO;VWA;;;;;;;;COR-2HT-761-SMC
3611;3610.0;Insumo;1; LOOP SATIN 1,5MM + TL / PUR D40 +/- 5 KG;VWA;;;;;0.19; MTL  ;; 8438P076948    
3760;;Pieza Final;1;FUNDA 00252631-02-NHZD;VWA;;;;;;;;FUN-002-631-NHZ
3761;3760.0;Insumo;1; CORTE 0025632-02-NHZD APB P21 HILO VERDE;VWA;;;;;1.0; UN   ;; COR-002-631-NHZ
3762;3760.0;Insumo;2; HILO 30/3 POLIESTER                     ;VWA;;;;;1.02; KG   ;; FX284-12125E   
3763;3760.0;Insumo;3; HILO 30/3 W4999 NEGRO BILEVICH          ;VWA;;;;;2.6; KG   ;; GM30W-49990    
3764;;Pieza Final;1;FUNDA 00252631-02-NHZD;VWA;;;;;;;;FUN-002-632-NHZ
3765;3764.0;Insumo;1; CORTE 00252632-02-NHZD APB P21 HILO VERD;VWA;;;;;1.0; UN   ;; COR-002-632-NHZ
3766;3764.0;Insumo;2; HILO 30/3 POLIESTER                     ;VWA;;;;;1.2; KG   ;; FX284-12125E   
3767;3764.0;Insumo;3; HILO 30/3 W4999 NEGRO BILEVICH          ;VWA;;;;;2.6; KG   ;; GM30W-49990    
3779;;Pieza Final;1;FUNDA 2GJ868109B ZCW INSERTO TAOS COMF;VWA;;;;;;;;FUN-2GJ-109B-ZC
3780;3779.0;Insumo;1; CORTE 2GJ868109B ZCW INSERTO DELANTERO T;VWA;;;;;1.0; UN   ;; COR-2GJ-109B-ZC
3781;3779.0;Insumo;2; CERAMIQUE GRIS 30/3                     ;VWA;;;;;0.000318; KG   ;; FX284-11317E   
3782;3779.0;Insumo;3; HILO CERAMIQUE 15/3                     ;VWA;;;;;0.000161; KG   ;; FX663TK-11317E 
3783;;Pieza Final;1;FUNDA 2GJ868109B ZKZ INSERTO TAOS HIGH;VWA;;;;;;;;FUN-2GJ-109B-ZK
3784;3783.0;Insumo;1; CORTE 2GJ868109B ZKZ INSERTO DELANTERO T;VWA;;;;;1.0; UN   ;; COR-2GJ-109B-ZK
3785;3783.0;Insumo;2; HILO  KRISTALGRAU 30/3                  ;VWA;;;;;0.00034; KG   ;; FX284-11230E   
3786;3783.0;Insumo;3; HILO KRISTALGRAU 15/3                   ;VWA;;;;;0.000161; KG   ;; FX663TK-11230E 
3787;;Pieza Final;1;FUNDA 2GJ868109B ZLM INSERTO TAOS HERO;VWA;;;;;;;;FUN-2GJ-109B-ZL
3788;3787.0;Insumo;1; CORTE 2GJ868109B ZLM INSERTO DELANTERO T;VWA;;;;;1.0; UN   ;; COR-2GJ-109B-ZL
3789;3787.0;Insumo;2; HILO  KRISTALGRAU 30/3                  ;VWA;;;;;0.00034; KG   ;; FX284-11230E   
3790;3787.0;Insumo;3; HILO KRISTALGRAU 15/3                   ;VWA;;;;;0.000161; KG   ;; FX663TK-11230E 
3791;;Pieza Final;1;FUNDA INSERTO TAOS;VWA;;;;;;;;FUN-2GJ-110-ZCW
3792;3791.0;Insumo;1; CORTE INSERTO TAOS                      ;VWA;;;;;1.0; UN   ;; COR-2GJ-110-ZCW
3793;3791.0;Insumo;2; HILO CERAMIQUE 15/3                     ;VWA;;;;;0.000161; KG   ;; FX663TK-11317E 
3802;;Pieza Final;1;FUNDA 2GJ868110B ZCW INSERTO TAOS COMF;VWA;;;;;;;;FUN-2GJ-110B-ZC
3803;3802.0;Insumo;1; CORTE 2GJ868110B ZCW INSERTO DELANTERO T;VWA;;;;;1.0; UN   ;; COR-2GJ-110B-ZC
3804;3802.0;Insumo;2; CERAMIQUE GRIS 30/3                     ;VWA;;;;;0.000318; KG   ;; FX284-11317E   
3805;3802.0;Insumo;3; HILO CERAMIQUE 15/3                     ;VWA;;;;;0.000161; KG   ;; FX663TK-11317E 
3806;;Pieza Final;1;FUNDA 2GJ868110B ZLM INSERTO TAOS HERO;VWA;;;;;;;;FUN-2GJ-110B-ZL
3807;3806.0;Insumo;1; CORTE 2GJ868110B ZLM INSERTO DELANTERO T;VWA;;;;;1.0; UN   ;; COR-2GJ-110B-ZL
3808;3806.0;Insumo;2; HILO  KRISTALGRAU 30/3                  ;VWA;;;;;0.00034; KG   ;; FX284-11230E   
3809;3806.0;Insumo;3; HILO KRISTALGRAU 15/3                   ;VWA;;;;;0.000161; KG   ;; FX663TK-11230E 
3810;;Pieza Final;1;FUNDA 2GJ858417A ZCW IP TAOS;VWA;;;;;;;;FUN-2GJ-417A-ZC
3811;3810.0;Insumo;1; HILO SATINSCHWARTZ CALORA 30/3          ;VWA;;;;;1.02; MTS  ;; 583650.X-9224  
3812;3810.0;Insumo;2; CORTE 2GJ.858.417 A ZCW                 ;VWA;;;;;1.0; UNI  ;; COR-2GJ-417A-ZC
3813;3810.0;Insumo;3; HILO CERAMIQUE 15/3                     ;VWA;;;;;5.9e-05; KG   ;; FX663TK-11317E 
3814;;Pieza Final;1;FUNDA 2GJ.858.417 A ZKZ;VWA;;;;;;;;FUN-2GJ-417A-ZK
3815;3814.0;Insumo;1; CORTE 2GJ.858.417 A ZKZ                 ;VWA;;;;;1.0; UNI  ;; COR-2GJ-417A-ZK
3816;3814.0;Insumo;2; HILO  KRISTALGRAU 30/3                  ;VWA;;;;;0.000117; KG   ;; FX284-11230E   
3817;3814.0;Insumo;3; HILO KRISTALGRAU 15/3                   ;VWA;;;;;5.9e-05; KG   ;; FX663TK-11230E 
3818;;Pieza Final;1;FUNDA 2GJ.858.417 A ZLM;VWA;;;;;;;;FUN-2GJ-417A-ZL
3819;3818.0;Insumo;1; CORTE 2GJ.858.417 A ZLM                 ;VWA;;;;;1.0; UNI  ;; COR-2GJ-417A-ZL
3820;3818.0;Insumo;2; HILO KRISTALGRAU 15/3                   ;VWA;;;;;5.9e-05; KG   ;; FX663TK-11230E 
3821;;Pieza Final;1;FUNDA 2GJ858417D AMA IP TAOS PA COMFOR;VWA;;;;;;;;FUN-2GJ-417D-AA
3822;3821.0;Insumo;1; CORTE 2GJ858417D AMA IP TAOS PA COMFORT ;VWA;;;;;1.0; UN   ;; COR-2GJ-417D-AA
3823;3821.0;Insumo;2; Pantone Aqua 15-4717 30/3               ;VWA;;;;;0.000117; KG   ;; FX284-12166E   
3824;3821.0;Insumo;3; PANTONE AQUA 15-4717  15/3              ;VWA;;;;;5.9e-05; KG   ;; FX663TK-12166E 
3825;;Pieza Final;1;FUNDA 2GJ858417D AMB IP TAOS PA HIGHLI;VWA;;;;;;;;FUN-2GJ-417D-AB
3826;3825.0;Insumo;1; CORTE 2GJ858417D AMB IP TAOS PA HIGHLINE;VWA;;;;;1.0; UN   ;; COR-2GJ-417D-AB
3827;3825.0;Insumo;2; PANTONE GRAY VIOLET 30/3 14-4103        ;VWA;;;;;0.000117; KG   ;; FX284-11703E   
3828;3825.0;Insumo;3; Pantone Gray Violet 14-4103 ;VWA;;;;;;;; FX663TK-11703E 
3829;;Pieza Final;1;FUNDA 2GJ858417D CNG IP TAOS PA HIGHLI;VWA;;;;;;;;FUN-2GJ-417D-CN
3830;3829.0;Insumo;1; CORTE 2GJ858417D CNG IP TAOS PA EXCLUSIV;VWA;;;;;1.0; UN   ;; COR-2GJ-417D-CN
3831;;Pieza Final;1;FUNDA 2GJ858418A ZCW IP TAOS;VWA;;;;;;;;FUN-2GJ-418A-ZC
3832;3831.0;Insumo;1; HILO SATINSCHWARTZ CALORA 30/3          ;VWA;;;;;3.65; MTS  ;; 583650.X-9224  
3833;3831.0;Insumo;2; CORTE 2GJ858418A ZCW IP TAOS            ;VWA;;;;;1.0; UN   ;; COR-2GJ-418A-ZC
3834;3831.0;Insumo;3; HILO CERAMIQUE 15/3                     ;VWA;;;;;0.000213; KG   ;; FX663TK-11317E 
3835;;Pieza Final;1;FUNDA 2GJ858418A ZKZ IP TAOS;VWA;;;;;;;;FUN-2GJ-418A-ZK
3836;3835.0;Insumo;1; CORTE 2GJ858418A ZKZ IP TAOS            ;VWA;;;;;1.0; UN   ;; COR-2GJ-418A-ZK
3837;3835.0;Insumo;2; HILO  KRISTALGRAU 30/3                  ;VWA;;;;;0.000418; KG   ;; FX284-11230E   
3838;3835.0;Insumo;3; HILO KRISTALGRAU 15/3                   ;VWA;;;;;0.000213; KG   ;; FX663TK-11230E 
3839;;Pieza Final;1;FUNDA 2GJ858418A ZLM IP TAOS;VWA;;;;;;;;FUN-2GJ-418A-ZL
3840;3839.0;Insumo;1; CORTE 2GJ858418A ZLM IP TAOS            ;VWA;;;;;1.0; UN   ;; COR-2GJ-418A-ZL
3841;3839.0;Insumo;2; HILO KRISTALGRAU 15/3                   ;VWA;;;;;0.000213; KG   ;; FX663TK-11230E 
3842;;Pieza Final;1;FUNDA 2GJ858418D AMA IP TAOS PA COMFOR;VWA;;;;;;;;FUN-2GJ-418D-AA
3843;3842.0;Insumo;1; CORTE 2GJ858418D AMA                    ;VWA;;;;;1.0; UN   ;; COR-2GJ-418D-AA
3844;3842.0;Insumo;2; Pantone Aqua 15-4717 30/3               ;VWA;;;;;0.000418; KG   ;; FX284-12166E   
3845;3842.0;Insumo;3; PANTONE AQUA 15-4717  15/3              ;VWA;;;;;0.000213; KG   ;; FX663TK-12166E 
3846;;Pieza Final;1;FUNDA 2GJ858418D AMB IP TAOS PA HIGHLI;VWA;;;;;;;;FUN-2GJ-418D-AB
3847;3846.0;Insumo;1; CORTE 2GJ858418D AMB IP TAOS PA HIGHLINE;VWA;;;;;1.0; UN   ;; COR-2GJ-418D-AB
3848;3846.0;Insumo;2; PANTONE GRAY VIOLET 30/3 14-4103        ;VWA;;;;;0.000418; KG   ;; FX284-11703E   
3849;3846.0;Insumo;3; Pantone Gray Violet 14-4103 ;VWA;;;;;;;; FX663TK-11703E 
3850;;Pieza Final;1;FUNDA 2GJ858418D CNG IP TAOS PA EXCLUS;VWA;;;;;;;;FUN-2GJ-418D-CN
3851;3850.0;Insumo;1; CORTE 2GJ858418D CNG IP TAOS PA EXCLUSIV;VWA;;;;;1.0; UN   ;; COR-2GJ-418D-CN
3891;;Pieza Final;1;FUNDA 2H6863761B IYO APB AMAROK CENTRA;VWA;;;;;;;;FUN-2H6-761B-IY
3892;3891.0;Insumo;1; HILO SATINSCHWARTZ CALORA 30/3          ;VWA;;;;;9.1; MTS  ;; 583650.X-9224  
3893;3891.0;Insumo;2; CINTA POLIESTER                         ;VWA;;;;;1.0; MTS  ;; CINTA 20MM-80G 
3894;3891.0;Insumo;3; CORTE 2H6863761B IYO APB CENTRAL AMAROK ;VWA;;;;;1.0; UN   ;; COR-2H6-761B-IY
3895;3891.0;Insumo;4; HILO JET BLACK 15/3 19-0303             ;VWA;;;;;0.000946; KG   ;; FX663TK-E0PTO  
3896;;Pieza Final;1;FUNDA 2H6863761B OIO APB CENTRAL AMARO;VWA;;;;;;;;FUN-2H6-761B-OI
3897;3896.0;Insumo;1; HILO SATINSCHWARTZ CALORA 30/3          ;VWA;;;;;9.1; MTS  ;; 583650.X-9224  
3898;3896.0;Insumo;2; CINTA POLIESTER                         ;VWA;;;;;1.0; MTS  ;; CINTA 20MM-80G 
3899;3896.0;Insumo;3; CORTE 2H6863761B OIO APB CENTRAL AMAROK ;VWA;;;;;1.0; UN   ;; COR-2H6-761B-OI
3900;3896.0;Insumo;4; HILO FLINT GREY 15/3 PANTONE 16-5803TPG ;VWA;;;;;0.000946; KG   ;; FX663TK-12088E 
3901;;Pieza Final;1;FUNDA 2H6863761B SMC APB CENTRAL AMARO;VWA;;;;;;;;FUN-2H6-761B-SM
3902;3901.0;Insumo;1; Hilo Schwarz 9224 100Tex=30/3Nm (RPU)   ;VWA;;;;;9.1; MTS  ;;8301094
3903;3901.0;Insumo;2; CORTE 2H6863761B SMC APB CENTRAL AMAROK ;VWA;;;;;1.0; UN   ;; COR-2H6-761B-SM
3904;3901.0;Insumo;3; HILO FLINT GREY 15/3 PANTONE 16-5803TPG ;VWA;;;;;0.000946; KG   ;; FX663TK-12088E 
3956;;Pieza Final;1;FUNDA 2HP885901D L18 APC LATERAL AMARO;VWA;;;;;;;;FUN-2HP-901D-L1
3957;3956.0;Insumo;1; Perfil J L40 x W21,2 mm (RPU)           ;VWA;;;;;2.0; UN   ;; 1093000X       
3958;3956.0;Insumo;2; Perfil J L140 x W21,2 mm (RPU)          ;VWA;;;;;1.0; UN   ;; 1094904X       
3959;3956.0;Insumo;3; Perfil Plano L220 x W12 mm (RPU)        ;VWA;;;;;1.0; UN   ;; 1109900X       
3960;3956.0;Insumo;4; Hilo Schwarz 9224 150Tex=20/3Nm (RPU)   ;VWA;;;;;0.000275; KG   ;;8301093
3961;3956.0;Insumo;5; Hilo Schwarz 9224 100Tex=30/3Nm (RPU)   ;VWA;;;;;7.26; MTS  ;;8301094
3962;3956.0;Insumo;6; CORTE 2HP885901D L18 APC LATERAL AMAROK ;VWA;;;;;1.0; UN   ;; COR-2HP-901D-L1
3963;;Pieza Final;1;FUNDA 2HP885901F ICE APC LATERAL AMARO;VWA;;;;;;;;FUN-2HP-901F-IC
3964;3963.0;Insumo;1; Perfil J L40 x W21,2 mm (RPU)           ;VWA;;;;;2.0; UN   ;; 1093000X       
3965;3963.0;Insumo;2; Perfil J L140 x W21,2 mm (RPU)          ;VWA;;;;;1.0; UN   ;; 1094904X       
3966;3963.0;Insumo;3; Perfil Plano L220 x W12 mm (RPU)        ;VWA;;;;;1.0; UN   ;; 1109900X       
3967;3963.0;Insumo;4; Hilo Schwarz 9224 150Tex=20/3Nm (RPU)   ;VWA;;;;;0.000275; KG   ;;8301093
3968;3963.0;Insumo;5; Hilo Schwarz 9224 100Tex=30/3Nm (RPU)   ;VWA;;;;;7.26; MTS  ;;8301094
3969;3963.0;Insumo;6; CORTE 2HP885901F ICE APC LATERAL AMAROK ;VWA;;;;;1.0; UN   ;; COR-2HP-901F-IC
4046;;Pieza Final;1;FUNDA 2HT857116 YZM IP DECORATIVE TRIM;VWA;;;;;;;;FUN-2HT-116-YZM
4047;4046.0;Insumo;1; CORTE 2HT857116 YZM IP DECORATIVE TRIM W;VWA;;;;;1.0; UN   ;; COR-2HT-116-YZM
4048;4046.0;Insumo;2; HILO FLINT GRAY 30/3 16-5803            ;VWA;;;;;0.000332; KG   ;; FX284-12088E   
4049;4046.0;Insumo;3; HILO FLINT GREY 15/3 PANTONE 16-5803TPG ;VWA;;;;;0.00018; KG   ;; FX663TK-12088E 
4050;;Pieza Final;1;FUNDA 2HT863761 SMC TAPA CONSOLA AMARO;VWA;;;;;;;;FUN-2HT-761-SMC
4051;4050.0;Insumo;1; HILO SATINSCHWARTZ CALORA 30/3          ;VWA;;;;;9.1; MTS  ;; 583650.X-9224  
4052;4050.0;Insumo;2; CINTA POLIESTER                         ;VWA;;;;;1.0; MTS  ;; CINTA 20MM-80G 
4053;4050.0;Insumo;3; CORTE 2HT863761 SMC TAPA CONSOLA AMAROK ;VWA;;;;;1.0; UN   ;; COR-2HT-761-SMC
4054;4050.0;Insumo;4; HILO FLINT GREY 15/3 PANTONE 16-5803TPG ;VWA;;;;;0.000946; KG   ;; FX663TK-12088E 
4165;;Pieza Final;1;INYECCION 2HT857115 IP DECORATIVE TRIM;VWA;;;;;;;;INY-2HT-115    
4166;4165.0;Insumo;1; PC + ABS TL52231-B  C1200HF             ;VWA;;;;;1.0; KG   ;;22022222
4167;;Pieza Final;1;INYECCION 2HT857116 IP DECORATIVE TRIM;VWA;;;;;;;;INY-2HT-116    
4168;4167.0;Insumo;1; PC + ABS TL52231-B  C1200HF             ;VWA;;;;;1.0; KG   ;;22022222
